Date,Adj Close
2/28/2005,43.529999
3/1/2005,43.220001
3/2/2005,43.25
3/3/2005,42.970001
3/4/2005,43.380001
3/7/2005,43.470001
3/8/2005,44.029999
3/9/2005,44.02
3/10/2005,44.200001
3/11/2005,44.43
3/14/2005,44.029999
3/15/2005,44.060001
3/16/2005,44.310001
3/17/2005,43.82
3/18/2005,43.889999
3/21/2005,43.09
3/22/2005,42.650002
3/23/2005,42.419998
3/24/2005,42.389999
3/28/2005,42.540001
3/29/2005,42.560001
3/30/2005,42.610001
3/31/2005,42.82
4/1/2005,42.619999
4/4/2005,42.400002
4/5/2005,42.450001
4/6/2005,42.630001
4/7/2005,42.57
4/8/2005,42.689999
4/11/2005,42.779999
4/12/2005,42.84
4/13/2005,42.900002
4/14/2005,42.310001
4/15/2005,42.400002
4/18/2005,42.689999
4/19/2005,43.279999
4/20/2005,43.400002
4/21/2005,43.189999
4/22/2005,43.389999
4/25/2005,43.439999
4/26/2005,43.639999
4/27/2005,43.200001
4/28/2005,43
4/29/2005,43.349998
5/2/2005,42.880001
5/3/2005,42.759998
5/4/2005,42.900002
5/5/2005,42.91
5/6/2005,42.52
5/9/2005,42.549999
5/10/2005,42.639999
5/11/2005,42.689999
5/12/2005,42.16
5/13/2005,41.950001
5/16/2005,41.880001
5/17/2005,41.860001
5/18/2005,42.049999
5/19/2005,41.98
5/20/2005,41.650002
5/23/2005,41.619999
5/24/2005,41.73
5/25/2005,41.869999
5/26/2005,41.689999
5/27/2005,41.880001
5/31/2005,41.650002
6/1/2005,41.529999
6/2/2005,42.099998
6/3/2005,42.169998
6/6/2005,42.48
6/7/2005,42.380001
6/8/2005,42.34
6/9/2005,42.27
6/10/2005,42.619999
6/13/2005,42.779999
6/14/2005,42.599998
6/15/2005,42.740002
6/16/2005,43.459999
6/17/2005,43.630001
6/20/2005,43.66
6/21/2005,43.810001
6/22/2005,43.720001
6/23/2005,44.02
6/24/2005,43.900002
6/27/2005,43.91
6/28/2005,43.450001
6/29/2005,43.630001
6/30/2005,43.439999
7/1/2005,42.700001
7/5/2005,42.279999
7/6/2005,42.25
7/7/2005,42.360001
7/8/2005,42.259998
7/11/2005,42.540001
7/12/2005,42.639999
7/13/2005,42.349998
7/14/2005,41.900002
7/15/2005,42.049999
7/18/2005,42.009998
7/19/2005,41.889999
7/20/2005,42.200001
7/21/2005,42.459999
7/22/2005,42.450001
7/25/2005,42.509998
7/26/2005,42.25
7/27/2005,42.439999
7/28/2005,42.75
7/29/2005,42.82
8/1/2005,43.130001
8/2/2005,43.139999
8/3/2005,43.529999
8/4/2005,43.68
8/5/2005,43.599998
8/8/2005,43.349998
8/9/2005,43.34
8/10/2005,43.650002
8/11/2005,44.450001
8/12/2005,44.490002
8/15/2005,44.130001
8/16/2005,44.549999
8/17/2005,43.91
8/18/2005,43.830002
8/19/2005,43.599998
8/22/2005,43.700001
8/23/2005,43.759998
8/24/2005,43.59
8/25/2005,43.73
8/26/2005,43.610001
8/29/2005,43.57
8/30/2005,43.009998
8/31/2005,43.400002
9/1/2005,44.220001
9/2/2005,44.25
9/6/2005,44.27
9/7/2005,44.330002
9/8/2005,44.599998
9/9/2005,44.84
9/12/2005,44.889999
9/13/2005,44.560001
9/14/2005,44.959999
9/15/2005,45.419998
9/16/2005,45.82
9/19/2005,46.25
9/20/2005,46.23
9/21/2005,47.060001
9/22/2005,46.360001
9/23/2005,46.279999
9/26/2005,46.57
9/27/2005,46.25
9/28/2005,46.799999
9/29/2005,47.099998
9/30/2005,46.700001
10/3/2005,46.419998
10/4/2005,46.450001
10/5/2005,46.360001
10/6/2005,47.209999
10/7/2005,47.360001
10/10/2005,47.369999
10/11/2005,47.389999
10/12/2005,46.849998
10/13/2005,47.02
10/14/2005,46.799999
10/17/2005,47.259998
10/18/2005,47
10/19/2005,46.34
10/20/2005,45.98
10/21/2005,46.52
10/24/2005,46.389999
10/25/2005,47.060001
10/26/2005,46.93
10/27/2005,47.18
10/28/2005,47.220001
10/31/2005,46.400002
11/1/2005,45.73
11/2/2005,46.130001
11/3/2005,45.959999
11/4/2005,45.509998
11/7/2005,45.77
11/8/2005,45.91
11/9/2005,46.560001
11/10/2005,46.48
11/11/2005,46.799999
11/14/2005,46.619999
11/15/2005,46.66
11/16/2005,47.779999
11/17/2005,48.48
11/18/2005,48.459999
11/21/2005,48.990002
11/22/2005,49.32
11/23/2005,49.150002
11/25/2005,49.419998
11/28/2005,49.740002
11/29/2005,49.799999
11/30/2005,49.099998
12/1/2005,50.169998
12/2/2005,50.32
12/5/2005,50.779999
12/6/2005,50.889999
12/7/2005,51.32
12/8/2005,51.900002
12/9/2005,52.400002
12/12/2005,52.560001
12/13/2005,51.650002
12/14/2005,50.349998
12/15/2005,50.240002
12/16/2005,50.09
12/19/2005,50.220001
12/20/2005,49.040001
12/21/2005,49.369999
12/22/2005,50.139999
12/23/2005,50.119999
12/27/2005,50.639999
12/28/2005,51.470001
12/29/2005,51.470001
12/30/2005,51.580002
1/3/2006,53.119999
1/4/2006,53.299999
1/5/2006,52.34
1/6/2006,53.720001
1/9/2006,54.599998
1/10/2006,54.060001
1/11/2006,54.529999
1/12/2006,54.43
1/13/2006,55.439999
1/17/2006,55.259998
1/18/2006,54.07
1/19/2006,55.59
1/20/2006,55.200001
1/23/2006,55.77
1/24/2006,55.73
1/25/2006,56.139999
1/26/2006,55.880001
1/27/2006,55.630001
1/30/2006,56.68
1/31/2006,56.700001
2/1/2006,56.700001
2/2/2006,56.98
2/3/2006,56.5
2/6/2006,56.720001
2/7/2006,54.599998
2/8/2006,54.830002
2/9/2006,56.18
2/10/2006,54.790001
2/13/2006,53.720001
2/14/2006,54.490002
2/15/2006,53.759998
2/16/2006,54.52
2/17/2006,54.959999
2/21/2006,55.119999
2/22/2006,55.34
2/23/2006,54.639999
2/24/2006,55.639999
2/27/2006,55.220001
2/28/2006,56.07
3/1/2006,56.099998
3/2/2006,56.740002
3/3/2006,56.279999
3/6/2006,55.23
3/7/2006,54.950001
3/8/2006,53.970001
3/9/2006,54.240002
3/10/2006,53.830002
3/13/2006,54.310001
3/14/2006,54.869999
3/15/2006,55.119999
3/16/2006,55.34
3/17/2006,55.119999
3/20/2006,55.169998
3/21/2006,54.830002
3/22/2006,54.75
3/23/2006,54.700001
3/24/2006,55.709999
3/27/2006,56.389999
3/28/2006,56.060001
3/29/2006,57.07
3/30/2006,58.599998
3/31/2006,58.099998
4/3/2006,58.470001
4/4/2006,58.330002
4/5/2006,58.66
4/6/2006,59.279999
4/7/2006,58.59
4/10/2006,59.599998
4/11/2006,59.009998
4/12/2006,59.43
4/13/2006,59.5
4/17/2006,61.09
4/18/2006,61.849998
4/19/2006,63.75
4/20/2006,60.959999
4/21/2006,63.200001
4/24/2006,61.650002
4/25/2006,62.779999
4/26/2006,63.650002
4/27/2006,62.959999
4/28/2006,65.089996
5/1/2006,65.160004
5/2/2006,66.550003
5/3/2006,66.459999
5/4/2006,67.480003
5/5/2006,67.989998
5/8/2006,67.559998
5/9/2006,69.68
5/10/2006,70.379997
5/11/2006,71.029999
5/12/2006,71.120003
5/15/2006,67.410004
5/16/2006,68.610001
5/17/2006,68.150002
5/18/2006,67.459999
5/19/2006,65.580002
5/22/2006,65.300003
5/23/2006,66.379997
5/24/2006,64.059998
5/25/2006,64.699997
5/26/2006,65.099998
5/30/2006,65.110001
5/31/2006,64.230003
6/1/2006,62.560001
6/2/2006,63.5
6/5/2006,63.290001
6/6/2006,62.549999
6/7/2006,62.279999
6/8/2006,60.91
6/9/2006,60.450001
6/12/2006,60.029999
6/13/2006,55.919998
6/14/2006,55.619999
6/15/2006,57.32
6/16/2006,57.68
6/19/2006,56.360001
6/20/2006,57.299999
6/21/2006,58.330002
6/22/2006,57.73
6/23/2006,57.990002
6/26/2006,58.279999
6/27/2006,57.68
6/28/2006,57.540001
6/29/2006,59.52
6/30/2006,61.23
7/3/2006,62.18
7/5/2006,62.5
7/6/2006,63.02
7/7/2006,62.630001
7/10/2006,62.02
7/11/2006,63.810001
7/12/2006,64.919998
7/13/2006,65.550003
7/14/2006,65.849998
7/17/2006,63.950001
7/18/2006,62.900002
7/19/2006,64.029999
7/20/2006,62.540001
7/21/2006,61.709999
7/24/2006,61.139999
7/25/2006,61.549999
7/26/2006,62
7/27/2006,62.900002
7/28/2006,63.110001
7/31/2006,63.16
8/1/2006,64.32
8/2/2006,64.75
8/3/2006,64.120003
8/4/2006,64.279999
8/7/2006,64.5
8/8/2006,63.970001
8/9/2006,64.629997
8/10/2006,63.25
8/11/2006,62.709999
8/14/2006,62.25
8/15/2006,62.009998
8/16/2006,62.490002
8/17/2006,61.029999
8/18/2006,61.040001
8/21/2006,62.439999
8/22/2006,62.049999
8/23/2006,61.830002
8/24/2006,61.75
8/25/2006,61.77
8/28/2006,61
8/29/2006,60.939999
8/30/2006,61.419998
8/31/2006,62.290001
9/1/2006,62.139999
9/5/2006,63.360001
9/6/2006,62.860001
9/7/2006,61.25
9/8/2006,60.639999
9/11/2006,58.5
9/12/2006,58.32
9/13/2006,58.619999
9/14/2006,57.189999
9/15/2006,57.400002
9/18/2006,58.23
9/19/2006,56.919998
9/20/2006,57.259998
9/21/2006,57.950001
9/22/2006,58.5
9/25/2006,58.5
9/26/2006,58.740002
9/27/2006,59.810001
9/28/2006,59.790001
9/29/2006,59.470001
10/2/2006,59.150002
10/3/2006,57.110001
10/4/2006,56.369999
10/5/2006,56.919998
10/6/2006,56.990002
10/9/2006,57.200001
10/10/2006,57
10/11/2006,56.880001
10/12/2006,57.490002
10/13/2006,58.57
10/16/2006,59.169998
10/17/2006,58.650002
10/18/2006,58.59
10/19/2006,59.41
10/20/2006,58.779999
10/23/2006,57.759998
10/24/2006,58.169998
10/25/2006,58.759998
10/26/2006,59.290001
10/27/2006,59.400002
10/30/2006,59.900002
10/31/2006,60.240002
11/1/2006,61.360001
11/2/2006,61.919998
11/3/2006,62.299999
11/6/2006,61.889999
11/7/2006,62.040001
11/8/2006,61.110001
11/9/2006,62.950001
11/10/2006,62.490002
11/13/2006,62.189999
11/14/2006,61.630001
11/15/2006,61.84
11/16/2006,61.310001
11/17/2006,61.779999
11/20/2006,61.77
11/21/2006,62.27
11/22/2006,62.5
11/24/2006,63.5
11/27/2006,63.700001
11/28/2006,63.57
11/29/2006,63.16
11/30/2006,64.389999
12/1/2006,64.120003
12/4/2006,64.120003
12/5/2006,63.810001
12/6/2006,62.689999
12/7/2006,62.73
12/8/2006,62.049999
12/11/2006,62.57
12/12/2006,62.52
12/13/2006,62.48
12/14/2006,62.119999
12/15/2006,61
12/18/2006,61.040001
12/19/2006,61.799999
12/20/2006,61.619999
12/21/2006,61.380001
12/22/2006,61.650002
12/26/2006,61.98
12/27/2006,62.220001
12/28/2006,62.900002
12/29/2006,63.209999
1/3/2007,62.279999
1/4/2007,61.650002
1/5/2007,60.169998
1/8/2007,60.48
1/9/2007,60.849998
1/10/2007,60.59
1/11/2007,60.630001
1/12/2007,62.169998
1/16/2007,61.970001
1/17/2007,62.639999
1/18/2007,62.259998
1/19/2007,63
1/22/2007,62.720001
1/23/2007,64.230003
1/24/2007,64.330002
1/25/2007,64.059998
1/26/2007,64.169998
1/29/2007,63.77
1/30/2007,64.220001
1/31/2007,64.830002
2/1/2007,65.220001
2/2/2007,64.279999
2/5/2007,64.309998
2/6/2007,64.790001
2/7/2007,64.629997
2/8/2007,65.519997
2/9/2007,66.120003
2/12/2007,65.669998
2/13/2007,65.839996
2/14/2007,66.370003
2/15/2007,66.410004
2/16/2007,66.360001
2/20/2007,65.309998
2/21/2007,67.349998
2/22/2007,67.150002
2/23/2007,67.720001
2/26/2007,68.099998
2/27/2007,65.410004
2/28/2007,66.480003
3/1/2007,65.82
3/2/2007,63.709999
3/5/2007,62.93
3/6/2007,64.150002
3/7/2007,64.300003
3/8/2007,64.480003
3/9/2007,64.25
3/12/2007,64.370003
3/13/2007,63.720001
3/14/2007,63.939999
3/15/2007,63.98
3/16/2007,64.620003
3/19/2007,64.739998
3/20/2007,65.269997
3/21/2007,65.82
3/22/2007,65.760002
3/23/2007,65.150002
3/26/2007,65.839996
3/27/2007,65.699997
3/28/2007,66.050003
3/29/2007,65.650002
3/30/2007,65.739998
4/2/2007,65.849998
4/3/2007,65.830002
4/4/2007,66.809998
4/5/2007,66.860001
4/9/2007,66.529999
4/10/2007,67.160004
4/11/2007,67.080002
4/12/2007,66.989998
4/13/2007,67.839996
4/16/2007,68.400002
4/17/2007,68
4/18/2007,68.379997
4/19/2007,67.529999
4/20/2007,68.699997
4/23/2007,68.260002
4/24/2007,67.730003
4/25/2007,67.889999
4/26/2007,66.870003
4/27/2007,67.559998
4/30/2007,67.089996
5/1/2007,66.690002
5/2/2007,66.660004
5/3/2007,67.489998
5/4/2007,68.190002
5/7/2007,68.25
5/8/2007,67.879997
5/9/2007,67.449997
5/10/2007,66
5/11/2007,66.449997
5/14/2007,66.279999
5/15/2007,66.540001
5/16/2007,65.599998
5/17/2007,65.059998
5/18/2007,65.519997
5/21/2007,65.669998
5/22/2007,65.199997
5/23/2007,65.540001
5/24/2007,64.75
5/25/2007,64.940002
5/29/2007,65.07
5/30/2007,64.720001
5/31/2007,65.540001
6/1/2007,66.440002
6/4/2007,66.540001
6/5/2007,66.370003
6/6/2007,66.410004
6/7/2007,65.260002
6/8/2007,64.220001
6/11/2007,64.699997
6/12/2007,64.099998
6/13/2007,64.529999
6/14/2007,64.599998
6/15/2007,64.849998
6/18/2007,64.949997
6/19/2007,65.480003
6/20/2007,64.709999
6/21/2007,64.559998
6/22/2007,64.779999
6/25/2007,64.43
6/26/2007,63.619999
6/27/2007,63.669998
6/28/2007,64.260002
6/29/2007,64.269997
7/2/2007,65.019997
7/3/2007,64.739998
7/5/2007,64.419998
7/6/2007,64.959999
7/9/2007,65.379997
7/10/2007,65.610001
7/11/2007,65.440002
7/12/2007,66.019997
7/13/2007,66.029999
7/16/2007,65.82
7/17/2007,65.75
7/18/2007,66.620003
7/19/2007,67.010002
7/20/2007,67.580002
7/23/2007,67.470001
7/24/2007,67.470001
7/25/2007,66.900002
7/26/2007,65.650002
7/27/2007,65.410004
7/30/2007,65.769997
7/31/2007,65.790001
8/1/2007,65.93
8/2/2007,65.889999
8/3/2007,66.690002
8/6/2007,66.519997
8/7/2007,66.480003
8/8/2007,66.769997
8/9/2007,65.459999
8/10/2007,66.57
8/13/2007,66.260002
8/14/2007,66.290001
8/15/2007,66.129997
8/16/2007,64.68
8/17/2007,65.010002
8/20/2007,65.120003
8/21/2007,65.07
8/22/2007,65.400002
8/23/2007,65.309998
8/24/2007,66.110001
8/27/2007,65.980003
8/28/2007,65.589996
8/29/2007,66.07
8/30/2007,65.800003
8/31/2007,66.519997
9/4/2007,67.440002
9/5/2007,67.559998
9/6/2007,68.860001
9/7/2007,69.389999
9/10/2007,69.620003
9/11/2007,70.519997
9/12/2007,70.459999
9/13/2007,70.080002
9/14/2007,69.989998
9/17/2007,70.970001
9/18/2007,71.699997
9/19/2007,71.43
9/20/2007,72.720001
9/21/2007,72.339996
9/24/2007,72.279999
9/25/2007,72.330002
9/26/2007,72
9/27/2007,72.699997
9/28/2007,73.510002
10/1/2007,73.900002
10/2/2007,72.349998
10/3/2007,71.900002
10/4/2007,72.870003
10/5/2007,73.400002
10/8/2007,72.529999
10/9/2007,73.089996
10/10/2007,73.360001
10/11/2007,73.910004
10/12/2007,74.589996
10/15/2007,75.139999
10/16/2007,75.120003
10/17/2007,74.5
10/18/2007,76
10/19/2007,75.699997
10/22/2007,74.599998
10/23/2007,75.230003
10/24/2007,75.519997
10/25/2007,76.029999
10/26/2007,77.690002
10/29/2007,78.120003
10/30/2007,77.349998
10/31/2007,78.620003
11/1/2007,77.93
11/2/2007,79.830002
11/5/2007,79.75
11/6/2007,81.43
11/7/2007,82.239998
11/8/2007,82.230003
11/9/2007,82.18
11/12/2007,78.300003
11/13/2007,79.120003
11/14/2007,80.279999
11/15/2007,77.949997
11/16/2007,77.75
11/19/2007,77.239998
11/20/2007,79.470001
11/21/2007,79.360001
11/23/2007,81.25
11/26/2007,81.300003
11/27/2007,80.099998
11/28/2007,79.57
11/29/2007,78.279999
11/30/2007,77.32
12/3/2007,78.279999
12/4/2007,79.400002
12/5/2007,78.629997
12/6/2007,79.370003
12/7/2007,78.599998
12/10/2007,80
12/11/2007,78.839996
12/12/2007,80.489998
12/13/2007,78.5
12/14/2007,78.519997
12/17/2007,78.129997
12/18/2007,79.25
12/19/2007,79.239998
12/20/2007,78.669998
12/21/2007,80.099998
12/24/2007,80.139999
12/26/2007,81.519997
12/27/2007,81.559998
12/28/2007,83
12/31/2007,82.459999
1/2/2008,84.860001
1/3/2008,85.57
1/4/2008,85.129997
1/7/2008,84.769997
1/8/2008,86.779999
1/9/2008,86.550003
1/10/2008,88.25
1/11/2008,88.580002
1/14/2008,89.540001
1/15/2008,87.989998
1/16/2008,86.699997
1/17/2008,86.5
1/18/2008,87.419998
1/22/2008,88.169998
1/23/2008,87.889999
1/24/2008,90.080002
1/25/2008,90.300003
1/28/2008,91.75
1/29/2008,91.150002
1/30/2008,92.059998
1/31/2008,91.400002
2/1/2008,89.349998
2/4/2008,89.099998
2/5/2008,87.68
2/6/2008,88.949997
2/7/2008,89.849998
2/8/2008,91
2/11/2008,91.330002
2/12/2008,89.330002
2/13/2008,89.440002
2/14/2008,89.709999
2/15/2008,89.150002
2/19/2008,91.580002
2/20/2008,93.239998
2/21/2008,93.25
2/22/2008,93.389999
2/25/2008,92.739998
2/26/2008,93.709999
2/27/2008,94.779999
2/28/2008,95.989998
2/29/2008,96.18
3/3/2008,97.239998
3/4/2008,95.18
3/5/2008,97.720001
3/6/2008,96.5
3/7/2008,96.089996
3/10/2008,95.870003
3/11/2008,95.989998
3/12/2008,97.010002
3/13/2008,98.339996
3/14/2008,98.709999
3/17/2008,99.169998
3/18/2008,96.5
3/19/2008,93.040001
3/20/2008,89.910004
3/24/2008,90.099998
3/25/2008,92.730003
3/26/2008,93.800003
3/27/2008,93.459999
3/28/2008,91.879997
3/31/2008,90.410004
4/1/2008,86.860001
4/2/2008,89.269997
4/3/2008,89.419998
4/4/2008,90.25
4/7/2008,91.169998
4/8/2008,90.349998
4/9/2008,92.290001
4/10/2008,91.769997
4/11/2008,91.300003
4/14/2008,91.110001
4/15/2008,91.660004
4/16/2008,93.269997
4/17/2008,92.559998
4/18/2008,90.620003
4/21/2008,90.25
4/22/2008,90.269997
4/23/2008,89.220001
4/24/2008,87.220001
4/25/2008,87.269997
4/28/2008,87.690002
4/29/2008,85.809998
4/30/2008,86.650002
5/1/2008,83.989998
5/2/2008,84.580002
5/5/2008,86.269997
5/6/2008,86.629997
5/7/2008,85.82
5/8/2008,87.239998
5/9/2008,87.419998
5/12/2008,86.989998
5/13/2008,85.389999
5/14/2008,85.199997
5/15/2008,87
5/16/2008,89.099998
5/19/2008,89.389999
5/20/2008,90.900002
5/21/2008,91.959999
5/22/2008,90.980003
5/23/2008,91.230003
5/27/2008,89.360001
5/28/2008,89.139999
5/29/2008,86.510002
5/30/2008,87.449997
6/2/2008,87.959999
6/3/2008,86.879997
6/4/2008,86.650002
6/5/2008,86.449997
6/6/2008,89.059998
6/9/2008,87.989998
6/10/2008,85.550003
6/11/2008,87.019997
6/12/2008,85.599998
6/13/2008,85.830002
6/16/2008,87.010002
6/17/2008,87.25
6/18/2008,88.279999
6/19/2008,88.419998
6/20/2008,88.949997
6/23/2008,87.089996
6/24/2008,87.470001
6/25/2008,87.419998
6/26/2008,90.610001
6/27/2008,91.470001
6/30/2008,91.400002
7/1/2008,92.660004
7/2/2008,93.169998
7/3/2008,92.059998
7/7/2008,91.230003
7/8/2008,90.860001
7/9/2008,91.5
7/10/2008,93.529999
7/11/2008,95.160004
7/14/2008,95.910004
7/15/2008,96.169998
7/16/2008,94.440002
7/17/2008,94.220001
7/18/2008,94.169998
7/21/2008,95.120003
7/22/2008,93.059998
7/23/2008,90.57
7/24/2008,91.330002
7/25/2008,91.690002
7/28/2008,91.730003
7/29/2008,90.589996
7/30/2008,89.519997
7/31/2008,90.080002
8/1/2008,89.57
8/4/2008,88.139999
8/5/2008,86.080002
8/6/2008,86.639999
8/7/2008,86.089996
8/8/2008,84.43
8/11/2008,81.129997
8/12/2008,80.519997
8/13/2008,81.559998
8/14/2008,79.349998
8/15/2008,77.629997
8/18/2008,78.800003
8/19/2008,80.43
8/20/2008,80.059998
8/21/2008,82.300003
8/22/2008,81.080002
8/25/2008,80.93
8/26/2008,81.230003
8/27/2008,81.360001
8/28/2008,82.18
8/29/2008,81.709999
9/2/2008,79.199997
9/3/2008,78.889999
9/4/2008,78.389999
9/5/2008,78.980003
9/8/2008,78.860001
9/9/2008,76.489998
9/10/2008,74.220001
9/11/2008,73.080002
9/12/2008,75.550003
9/15/2008,77.559998
9/16/2008,76.790001
9/17/2008,85.459999
9/18/2008,82.800003
9/19/2008,85.980003
9/22/2008,89.18
9/23/2008,88.32
9/24/2008,86.709999
9/25/2008,86.449997
9/26/2008,86.639999
9/29/2008,89.57
9/30/2008,85.07
10/1/2008,85.970001
10/2/2008,82.330002
10/3/2008,82.589996
10/6/2008,84.279999
10/7/2008,87.269997
10/8/2008,89.419998
10/9/2008,89.900002
10/10/2008,83.220001
10/13/2008,81.989998
10/14/2008,82.199997
10/15/2008,83.309998
10/16/2008,79.290001
10/17/2008,77.209999
10/20/2008,78.5
10/21/2008,76.029999
10/22/2008,71.709999
10/23/2008,70.650002
10/24/2008,72.209999
10/27/2008,72.18
10/28/2008,73.790001
10/29/2008,74
10/30/2008,72.709999
10/31/2008,71.339996
11/3/2008,71.099998
11/4/2008,75.480003
11/5/2008,72.800003
11/6/2008,72.220001
11/7/2008,72.5
11/10/2008,73.580002
11/11/2008,72.050003
11/12/2008,70
11/13/2008,72.150002
11/14/2008,73.300003
11/17/2008,72.650002
11/18/2008,72.510002
11/19/2008,72.260002
11/20/2008,73.449997
11/21/2008,78.849998
11/24/2008,80.910004
11/25/2008,80.870003
11/26/2008,80.379997
11/28/2008,80.309998
12/1/2008,75.650002
12/2/2008,76.949997
12/3/2008,76.18
12/4/2008,75.5
12/5/2008,74.519997
12/8/2008,76.199997
12/9/2008,76.330002
12/10/2008,79.75
12/11/2008,80.650002
12/12/2008,80.809998
12/15/2008,82.599998
12/16/2008,84.459999
12/17/2008,85.43
12/18/2008,83.870003
12/19/2008,82.629997
12/22/2008,83.459999
12/23/2008,82.629997
12/24/2008,83.459999
12/26/2008,85.599998
12/29/2008,86.349998
12/30/2008,85.900002
12/31/2008,86.519997
1/2/2009,86.230003
1/5/2009,84.480003
1/6/2009,85.129997
1/7/2009,82.75
1/8/2009,84.459999
1/9/2009,83.919998
1/12/2009,80.760002
1/13/2009,80.879997
1/14/2009,79.790001
1/15/2009,80.389999
1/16/2009,82.709999
1/20/2009,84.519997
1/21/2009,84.150002
1/22/2009,84.580002
1/23/2009,88.529999
1/26/2009,88.949997
1/27/2009,88.379997
1/28/2009,87.419998
1/29/2009,89.5
1/30/2009,91.309998
2/2/2009,88.839996
2/3/2009,88.470001
2/4/2009,89.18
2/5/2009,90.120003
2/6/2009,89.589996
2/9/2009,88.32
2/10/2009,90.209999
2/11/2009,92.290001
2/12/2009,93.169998
2/13/2009,92.550003
2/17/2009,95.449997
2/18/2009,96.910004
2/19/2009,95.769997
2/20/2009,97.800003
2/23/2009,97.730003
2/24/2009,94.730003
2/25/2009,93.150002
2/26/2009,93.059998
2/27/2009,92.629997
3/2/2009,90.93
3/3/2009,90.040001
3/4/2009,88.989998
3/5/2009,91.989998
3/6/2009,92.290001
3/9/2009,90.57
3/10/2009,88.139999
3/11/2009,89.220001
3/12/2009,91.099998
3/13/2009,91.300003
3/16/2009,90.800003
3/17/2009,90.040001
3/18/2009,93.089996
3/19/2009,94.349998
3/20/2009,93.589996
3/23/2009,92.080002
3/24/2009,90.949997
3/25/2009,91.980003
3/26/2009,91.93
3/27/2009,90.690002
3/30/2009,89.980003
3/31/2009,90.279999
4/1/2009,91.029999
4/2/2009,88.800003
4/3/2009,87.589996
4/6/2009,85.269997
4/7/2009,86.739998
4/8/2009,86.610001
4/9/2009,86.309998
4/13/2009,87.879997
4/14/2009,87.370003
4/15/2009,87.5
4/16/2009,85.809998
4/17/2009,85.220001
4/20/2009,86.949997
4/21/2009,86.889999
4/22/2009,87.379997
4/23/2009,88.800003
4/24/2009,89.720001
4/27/2009,89.010002
4/28/2009,87.75
4/29/2009,88.330002
4/30/2009,87.269997
5/1/2009,86.949997
5/4/2009,88.639999
5/5/2009,88.25
5/6/2009,89.540001
5/7/2009,89.440002
5/8/2009,89.980003
5/11/2009,89.690002
5/12/2009,90.699997
5/13/2009,91.089996
5/14/2009,91.029999
5/15/2009,91.550003
5/18/2009,90.360001
5/19/2009,90.959999
5/20/2009,92.25
5/21/2009,93.849998
5/22/2009,94.150002
5/26/2009,93.760002
5/27/2009,93.449997
5/28/2009,94.239998
5/29/2009,96.199997
6/1/2009,95.730003
6/2/2009,96.360001
6/3/2009,94.410004
6/4/2009,96.230003
6/5/2009,93.709999
6/8/2009,93.559998
6/9/2009,93.830002
6/10/2009,93.860001
6/11/2009,93.699997
6/12/2009,92.169998
6/15/2009,91.099998
6/16/2009,91.93
6/17/2009,92.349998
6/18/2009,91.610001
6/19/2009,91.900002
6/22/2009,90.540001
6/23/2009,90.919998
6/24/2009,91.449997
6/25/2009,92.309998
6/26/2009,92.290001
6/29/2009,92.040001
6/30/2009,91.18
7/1/2009,92.389999
7/2/2009,91.25
7/6/2009,90.760002
7/7/2009,90.709999
7/8/2009,89.269997
7/9/2009,89.510002
7/10/2009,89.580002
7/13/2009,90.190002
7/14/2009,90.809998
7/15/2009,92.239998
7/16/2009,91.980003
7/17/2009,91.93
7/20/2009,93.279999
7/21/2009,93.129997
7/22/2009,93.440002
7/23/2009,93.260002
7/24/2009,93.410004
7/27/2009,93.709999
7/28/2009,92.110001
7/29/2009,91.199997
7/30/2009,91.620003
7/31/2009,93.349998
8/3/2009,93.870003
8/4/2009,94.68
8/5/2009,94.779999
8/6/2009,94.599998
8/7/2009,93.75
8/10/2009,92.93
8/11/2009,92.790001
8/12/2009,92.949997
8/13/2009,93.720001
8/14/2009,93
8/17/2009,91.610001
8/18/2009,92.059998
8/19/2009,92.529999
8/20/2009,92.269997
8/21/2009,93.650002
8/24/2009,92.339996
8/25/2009,92.760002
8/26/2009,92.790001
8/27/2009,93.190002
8/28/2009,93.870003
8/31/2009,93.400002
9/1/2009,93.900002
9/2/2009,96.190002
9/3/2009,97.459999
9/4/2009,97.529999
9/8/2009,97.43
9/9/2009,97.080002
9/10/2009,97.699997
9/11/2009,98.779999
9/14/2009,97.959999
9/15/2009,98.900002
9/16/2009,99.910004
9/17/2009,99.339996
9/18/2009,98.669998
9/21/2009,98.360001
9/22/2009,99.669998
9/23/2009,98.830002
9/24/2009,97.550003
9/25/2009,97
9/28/2009,97.050003
9/29/2009,97.43
9/30/2009,98.849998
10/1/2009,97.889999
10/2/2009,98.370003
10/5/2009,99.82
10/6/2009,102.279999
10/7/2009,102.360001
10/8/2009,103.639999
10/9/2009,102.839996
10/12/2009,103.559998
10/13/2009,104.260002
10/14/2009,104.18
10/15/2009,102.860001
10/16/2009,103.18
10/19/2009,104.230003
10/20/2009,103.419998
10/21/2009,103.75
10/22/2009,103.919998
10/23/2009,103.489998
10/26/2009,101.860001
10/27/2009,101.849998
10/28/2009,100.730003
10/29/2009,102.690002
10/30/2009,102.529999
11/2/2009,103.949997
11/3/2009,106.459999
11/4/2009,107.099998
11/5/2009,106.980003
11/6/2009,107.43
11/9/2009,108.190002
11/10/2009,108.389999
11/11/2009,109.599998
11/12/2009,108.209999
11/13/2009,109.739998
11/16/2009,111.629997
11/17/2009,111.970001
11/18/2009,112.25
11/19/2009,112.300003
11/20/2009,112.940002
11/23/2009,114.290001
11/24/2009,114.730003
11/25/2009,116.620003
11/27/2009,115.059998
11/30/2009,115.639999
12/1/2009,117.379997
12/2/2009,119.18
12/3/2009,118.699997
12/4/2009,113.75
12/7/2009,113.110001
12/8/2009,110.949997
12/9/2009,110.839996
12/10/2009,110.82
12/11/2009,109.32
12/14/2009,110.239998
12/15/2009,110.209999
12/16/2009,111.589996
12/17/2009,107.339996
12/18/2009,108.949997
12/21/2009,106.949997
12/22/2009,106.169998
12/23/2009,106.550003
12/24/2009,108.360001
12/28/2009,108.550003
12/29/2009,107.470001
12/30/2009,106.93
12/31/2009,107.309998
1/4/2010,109.800003
1/5/2010,109.699997
1/6/2010,111.510002
1/7/2010,110.82
1/8/2010,111.370003
1/11/2010,112.849998
1/12/2010,110.489998
1/13/2010,111.540001
1/14/2010,112.029999
1/15/2010,110.860001
1/19/2010,111.519997
1/20/2010,108.940002
1/21/2010,107.370003
1/22/2010,107.169998
1/25/2010,107.480003
1/26/2010,107.559998
1/27/2010,106.529999
1/28/2010,106.480003
1/29/2010,105.959999
2/1/2010,108.349998
2/2/2010,109.129997
2/3/2010,108.699997
2/4/2010,104.370003
2/5/2010,104.68
2/8/2010,104.040001
2/9/2010,105.410004
2/10/2010,105.120003
2/11/2010,107.129997
2/12/2010,107.040001
2/16/2010,109.620003
2/17/2010,109.25
2/18/2010,109.980003
2/19/2010,109.470001
2/22/2010,109.07
2/23/2010,107.889999
2/24/2010,107.360001
2/25/2010,108.309998
2/26/2010,109.43
3/1/2010,109.43
3/2/2010,111.019997
3/3/2010,111.629997
3/4/2010,110.830002
3/5/2010,110.809998
3/8/2010,109.879997
3/9/2010,109.720001
3/10/2010,108.470001
3/11/2010,108.599998
3/12/2010,107.949997
3/15/2010,108.360001
3/16/2010,110.400002
3/17/2010,109.589996
3/18/2010,110.339996
3/19/2010,108.279999
3/22/2010,107.75
3/23/2010,108.32
3/24/2010,106.300003
3/25/2010,106.779999
3/26/2010,108.589996
3/29/2010,108.75
3/30/2010,107.970001
3/31/2010,108.949997
4/1/2010,110.260002
4/5/2010,110.889999
4/6/2010,111.029999
4/7/2010,112.489998
4/8/2010,112.650002
4/9/2010,113.639999
4/12/2010,113.010002
4/13/2010,112.690002
4/14/2010,113.029999
4/15/2010,113.650002
4/16/2010,111.239998
4/19/2010,111.150002
4/20/2010,111.459999
4/21/2010,112.309998
4/22/2010,111.839996
4/23/2010,113.190002
4/26/2010,112.75
4/27/2010,114.629997
4/28/2010,114.309998
4/29/2010,114.279999
4/30/2010,115.360001
5/3/2010,115.730003
5/4/2010,114.870003
5/5/2010,115.089996
5/6/2010,118.489998
5/7/2010,118.269997
5/10/2010,117.57
5/11/2010,120.660004
5/12/2010,121.400002
5/13/2010,120.559998
5/14/2010,120.370003
5/17/2010,119.360001
5/18/2010,119.489998
5/19/2010,116.629997
5/20/2010,115.839996
5/21/2010,115.220001
5/24/2010,116.839996
5/25/2010,117.360001
5/26/2010,118.470001
5/27/2010,118.690002
5/28/2010,118.879997
6/1/2010,119.910004
6/2/2010,119.779999
6/3/2010,117.959999
6/4/2010,119.190002
6/7/2010,121.489998
6/8/2010,121
6/9/2010,120.559998
6/10/2010,118.970001
6/11/2010,120.010002
6/14/2010,119.599998
6/15/2010,120.989998
6/16/2010,120.330002
6/17/2010,121.900002
6/18/2010,122.830002
6/21/2010,120.389999
6/22/2010,121.449997
6/23/2010,120.949997
6/24/2010,121.300003
6/25/2010,122.760002
6/28/2010,121.089996
6/29/2010,121.269997
6/30/2010,121.68
7/1/2010,117.040001
7/2/2010,118.489998
7/6/2010,116.510002
7/7/2010,117.730003
7/8/2010,117.209999
7/9/2010,118.360001
7/12/2010,117.339996
7/13/2010,118.360001
7/14/2010,118.300003
7/15/2010,118.230003
7/16/2010,116.669998
7/19/2010,115.730003
7/20/2010,116.650002
7/21/2010,115.849998
7/22/2010,116.860001
7/23/2010,116.089996
7/26/2010,115.519997
7/27/2010,113.510002
7/28/2010,113.779999
7/29/2010,114.290001
7/30/2010,115.489998
8/2/2010,115.540001
8/3/2010,115.989998
8/4/2010,116.720001
8/5/2010,116.980003
8/6/2010,117.839996
8/9/2010,117.400002
8/10/2010,117.730003
8/11/2010,117.339996
8/12/2010,118.769997
8/13/2010,118.739998
8/16/2010,119.730003
8/17/2010,119.75
8/18/2010,120.220001
8/19/2010,120.389999
8/20/2010,119.970001
8/23/2010,119.779999
8/24/2010,120.360001
8/25/2010,121.360001
8/26/2010,120.959999
8/27/2010,121.010002
8/30/2010,120.910004
8/31/2010,122.080002
9/1/2010,121.690002
9/2/2010,122.290001
9/3/2010,121.860001
9/7/2010,122.699997
9/8/2010,122.709999
9/9/2010,121.559998
9/10/2010,121.730003
9/13/2010,121.620003
9/14/2010,124.019997
9/15/2010,123.940002
9/16/2010,124.629997
9/17/2010,124.540001
9/20/2010,124.870003
9/21/2010,126.010002
9/22/2010,126.199997
9/23/2010,126.300003
9/24/2010,126.690002
9/27/2010,126.720001
9/28/2010,127.849998
9/29/2010,127.949997
9/30/2010,127.910004
10/1/2010,128.910004
10/4/2010,128.460007
10/5/2010,130.990005
10/6/2010,131.809998
10/7/2010,130.369995
10/8/2010,131.660004
10/11/2010,132.289993
10/12/2010,131.960007
10/13/2010,134.070007
10/14/2010,134.75
10/15/2010,133.679993
10/18/2010,134.279999
10/19/2010,130.110001
10/20/2010,131.320007
10/21/2010,129.470001
10/22/2010,129.729996
10/25/2010,130.850006
10/26/2010,130.880005
10/27/2010,129.520004
10/28/2010,131.240005
10/29/2010,132.619995
11/1/2010,131.919998
11/2/2010,132.490005
11/3/2010,131.570007
11/4/2010,136.029999
11/5/2010,136.380005
11/8/2010,137.779999
11/9/2010,135.589996
11/10/2010,137.240005
11/11/2010,137.660004
11/12/2010,133.690002
11/15/2010,132.419998
11/16/2010,130.970001
11/17/2010,130.380005
11/18/2010,132.089996
11/19/2010,132.199997
11/22/2010,133.479996
11/23/2010,134.410004
11/24/2010,134.179993
11/26/2010,133.110001
11/29/2010,133.509995
11/30/2010,135.419998
12/1/2010,135.380005
12/2/2010,135.199997
12/3/2010,138.070007
12/6/2010,139.110001
12/7/2010,136.5
12/8/2010,134.789993
12/9/2010,135.369995
12/10/2010,135.410004
12/13/2010,136.050003
12/14/2010,136.179993
12/15/2010,134.699997
12/16/2010,133.809998
12/17/2010,134.199997
12/20/2010,135.110001
12/21/2010,135.320007
12/22/2010,135.050003
12/23/2010,134.660004
12/27/2010,135.020004
12/28/2010,137.220001
12/29/2010,137.710007
12/30/2010,137.029999
12/31/2010,138.720001
1/3/2011,138
1/4/2011,134.75
1/5/2011,134.369995
1/6/2011,133.830002
1/7/2011,133.580002
1/10/2011,134.119995
1/11/2011,134.910004
1/12/2011,135.460007
1/13/2011,134.050003
1/14/2011,132.690002
1/18/2011,133.429993
1/19/2011,133.720001
1/20/2011,131.199997
1/21/2011,131.029999
1/24/2011,130.360001
1/25/2011,130.100006
1/26/2011,131.160004
1/27/2011,127.93
1/28/2011,130.279999
1/31/2011,129.869995
2/1/2011,130.800003
2/2/2011,130.449997
2/3/2011,132.199997
2/4/2011,131.660004
2/7/2011,131.679993
2/8/2011,133.139999
2/9/2011,133.070007
2/10/2011,132.850006
2/11/2011,132.320007
2/14/2011,132.949997
2/15/2011,133.970001
2/16/2011,134.100006
2/17/2011,135.039993
2/18/2011,135.410004
2/22/2011,136.289993
2/23/2011,137.509995
2/24/2011,136.479996
2/25/2011,137.380005
2/28/2011,137.660004
3/1/2011,140.029999
3/2/2011,139.919998
3/3/2011,138.089996
3/4/2011,139.350006
3/7/2011,139.720001
3/8/2011,139.360001
3/9/2011,139.410004
3/10/2011,137.770004
3/11/2011,138.220001
3/14/2011,138.860001
3/15/2011,136.270004
3/16/2011,136.240005
3/17/2011,136.970001
3/18/2011,138.369995
3/21/2011,139.139999
3/22/2011,139.050003
3/23/2011,140.339996
3/24/2011,139.220001
3/25/2011,139.259995
3/28/2011,138.539993
3/29/2011,138.210007
3/30/2011,138.669998
3/31/2011,139.860001
4/1/2011,139.199997
4/4/2011,139.839996
4/5/2011,142.050003
4/6/2011,142.380005
4/7/2011,142.509995
4/8/2011,143.660004
4/11/2011,142.639999
4/12/2011,141.610001
4/13/2011,141.899994
4/14/2011,143.809998
4/15/2011,145.050003
4/18/2011,145.929993
4/19/2011,145.929993
4/20/2011,146.5
4/21/2011,146.740005
4/25/2011,146.869995
4/26/2011,146.380005
4/27/2011,149.199997
4/28/2011,149.820007
4/29/2011,152.369995
5/2/2011,150.410004
5/3/2011,149.880005
5/4/2011,147.729996
5/5/2011,143.470001
5/6/2011,145.300003
5/9/2011,147.380005
5/10/2011,147.899994
5/11/2011,146.539993
5/12/2011,146.589996
5/13/2011,145.630005
5/16/2011,145.369995
5/17/2011,144.740005
5/18/2011,145.600006
5/19/2011,145.649994
5/20/2011,147.490005
5/23/2011,147.830002
5/24/2011,148.589996
5/25/2011,148.580002
5/26/2011,148.220001
5/27/2011,149.699997
5/31/2011,149.639999
6/1/2011,149.910004
6/2/2011,149.5
6/3/2011,150.220001
6/6/2011,150.479996
6/7/2011,150.419998
6/8/2011,149.809998
6/9/2011,150.559998
6/10/2011,149.240005
6/13/2011,147.770004
6/14/2011,148.669998
6/15/2011,149.119995
6/16/2011,148.970001
6/17/2011,149.940002
6/20/2011,150.029999
6/21/2011,150.759995
6/22/2011,150.990005
6/23/2011,148.339996
6/24/2011,146.259995
6/27/2011,145.729996
6/28/2011,146.240005
6/29/2011,147.179993
6/30/2011,146
7/1/2011,144.929993
7/5/2011,147.630005
7/6/2011,148.910004
7/7/2011,149.149994
7/8/2011,150.25
7/11/2011,151.589996
7/12/2011,152.770004
7/13/2011,154.139999
7/14/2011,154.539993
7/15/2011,155.199997
7/18/2011,156.570007
7/19/2011,154.660004
7/20/2011,156.020004
7/21/2011,154.830002
7/22/2011,156.119995
7/25/2011,157.339996
7/26/2011,157.770004
7/27/2011,157.190002
7/28/2011,157.320007
7/29/2011,158.289993
8/1/2011,157.720001
8/2/2011,161.520004
8/3/2011,161.490005
8/4/2011,160.639999
8/5/2011,161.75
8/8/2011,167.119995
8/9/2011,168.610001
8/10/2011,174.580002
8/11/2011,170.75
8/12/2011,169.970001
8/15/2011,171.800003
8/16/2011,173.919998
8/17/2011,174.419998
8/18/2011,177.720001
8/19/2011,179.949997
8/22/2011,184.589996
8/23/2011,177.669998
8/24/2011,171.649994
8/25/2011,172.360001
8/26/2011,177.470001
8/29/2011,173.889999
8/30/2011,179.100006
8/31/2011,177.720001
9/1/2011,177.869995
9/2/2011,183.240005
9/6/2011,182.899994
9/7/2011,177.080002
9/8/2011,181.809998
9/9/2011,180.699997
9/12/2011,176.669998
9/13/2011,178.539993
9/14/2011,177.210007
9/15/2011,174.399994
9/16/2011,176.029999
9/19/2011,173.309998
9/20/2011,175.779999
9/21/2011,173.589996
9/22/2011,169.050003
9/23/2011,159.800003
9/26/2011,157.580002
9/27/2011,160.630005
9/28/2011,156.220001
9/29/2011,157.699997
9/30/2011,158.059998
10/3/2011,160.960007
10/4/2011,157.639999
10/5/2011,159.460007
10/6/2011,160.490005
10/7/2011,159.179993
10/10/2011,163.270004
10/11/2011,162.100006
10/12/2011,163.259995
10/13/2011,162.300003
10/14/2011,163.399994
10/17/2011,162.619995
10/18/2011,161.839996
10/19/2011,159.869995
10/20/2011,157.770004
10/21/2011,159.520004
10/24/2011,161.020004
10/25/2011,165.589996
10/26/2011,167.399994
10/27/2011,169.550003
10/28/2011,169.619995
10/31/2011,167.339996
11/1/2011,167.380005
11/2/2011,169.059998
11/3/2011,171.720001
11/4/2011,170.850006
11/7/2011,174.979996
11/8/2011,173.529999
11/9/2011,172.070007
11/10/2011,171.139999
11/11/2011,173.960007
11/14/2011,173.199997
11/15/2011,173.360001
11/16/2011,171.509995
11/17/2011,167.100006
11/18/2011,167.619995
11/21/2011,163.5
11/22/2011,165.309998
11/23/2011,164.830002
11/25/2011,163.399994
11/28/2011,166.630005
11/29/2011,166.880005
11/30/2011,170.130005
12/1/2011,169.630005
12/2/2011,169.820007
12/5/2011,167.320007
12/6/2011,168.179993
12/7/2011,169.399994
12/8/2011,165.979996
12/9/2011,166.399994
12/12/2011,161.990005
12/13/2011,158.449997
12/14/2011,152.889999
12/15/2011,152.330002
12/16/2011,155.229996
12/19/2011,154.869995
12/20/2011,156.979996
12/21/2011,157.160004
12/22/2011,156.039993
12/23/2011,156.309998
12/27/2011,154.910004
12/28/2011,151.029999
12/29/2011,150.339996
12/30/2011,151.990005
1/3/2012,155.919998
1/4/2012,156.710007
1/5/2012,157.779999
1/6/2012,157.199997
1/9/2012,156.5
1/10/2012,158.639999
1/11/2012,159.669998
1/12/2012,160.380005
1/13/2012,159.259995
1/17/2012,160.5
1/18/2012,161.600006
1/19/2012,161.220001
1/20/2012,162.070007
1/23/2012,163.160004
1/24/2012,162.009995
1/25/2012,166.419998
1/26/2012,167.270004
1/27/2012,168.970001
1/30/2012,168.029999
1/31/2012,169.309998
2/1/2012,169.559998
2/2/2012,171.050003
2/3/2012,167.639999
2/6/2012,167.179993
2/7/2012,169.699997
2/8/2012,168.5
2/9/2012,168.020004
2/10/2012,167.139999
2/13/2012,167.509995
2/14/2012,167.119995
2/15/2012,168.110001
2/16/2012,168
2/17/2012,167.350006
2/21/2012,171.020004
2/22/2012,172.940002
2/23/2012,173.020004
2/24/2012,172.229996
2/27/2012,171.699997
2/28/2012,173.490005
2/29/2012,164.289993
3/1/2012,166.610001
3/2/2012,166.339996
3/5/2012,165.649994
3/6/2012,162.699997
3/7/2012,163.630005
3/8/2012,165.279999
3/9/2012,166.380005
3/12/2012,165.070007
3/13/2012,162.300003
3/14/2012,159.570007
3/15/2012,161.080002
3/16/2012,161.300003
3/19/2012,161.589996
3/20/2012,160.130005
3/21/2012,160.210007
3/22/2012,159.570007
3/23/2012,161.529999
3/26/2012,164.399994
3/27/2012,163.240005
3/28/2012,161.509995
3/29/2012,161.279999
3/30/2012,162.119995
4/2/2012,162.940002
4/3/2012,159.889999
4/4/2012,157.210007
4/5/2012,158.309998
4/9/2012,159.369995
4/10/2012,161.100006
4/11/2012,161.070007
4/12/2012,162.699997
4/13/2012,160.850006
4/16/2012,160.460007
4/17/2012,160.25
4/18/2012,159.309998
4/19/2012,159.429993
4/20/2012,159.539993
4/23/2012,159.070007
4/24/2012,159.300003
4/25/2012,159.619995
4/26/2012,161.029999
4/27/2012,161.380005
4/30/2012,161.880005
5/1/2012,161.320007
5/2/2012,160.589996
5/3/2012,158.970001
5/4/2012,159.470001
5/7/2012,159.080002
5/8/2012,156
5/9/2012,154.470001
5/10/2012,154.770004
5/11/2012,153.559998
5/14/2012,151.330002
5/15/2012,149.740005
5/16/2012,149.460007
5/17/2012,152.800003
5/18/2012,154.550003
5/21/2012,154.649994
5/22/2012,152.080002
5/23/2012,151.619995
5/24/2012,151.410004
5/25/2012,152.679993
5/29/2012,151.020004
5/30/2012,151.910004
5/31/2012,151.619995
6/1/2012,157.5
6/4/2012,157.320007
6/5/2012,157.139999
6/6/2012,157.210007
6/7/2012,154.5
6/8/2012,154.729996
6/11/2012,155.360001
6/12/2012,156.460007
6/13/2012,157.119995
6/14/2012,157.75
6/15/2012,157.839996
6/18/2012,157.929993
6/19/2012,157.160004
6/20/2012,155.970001
6/21/2012,152.020004
6/22/2012,152.639999
6/25/2012,153.759995
6/26/2012,152.619995
6/27/2012,152.830002
6/28/2012,151.050003
6/29/2012,155.190002
7/2/2012,155.089996
7/3/2012,157.460007
7/5/2012,155.679993
7/6/2012,153.710007
7/9/2012,154.039993
7/10/2012,152.149994
7/11/2012,152.990005
7/12/2012,152.589996
7/13/2012,154.139999
7/16/2012,154.210007
7/17/2012,153.470001
7/18/2012,153.050003
7/19/2012,153.380005
7/20/2012,153.669998
7/23/2012,153.029999
7/24/2012,153.520004
7/25/2012,155.669998
7/26/2012,156.770004
7/27/2012,157.539993
7/30/2012,157.429993
7/31/2012,156.490005
8/1/2012,155.139999
8/2/2012,154.130005
8/3/2012,155.550003
8/6/2012,156.300003
8/7/2012,156.279999
8/8/2012,156.479996
8/9/2012,156.990005
8/10/2012,157.179993
8/13/2012,155.990005
8/14/2012,155.130005
8/15/2012,155.630005
8/16/2012,156.559998
8/17/2012,156.720001
8/20/2012,157.259995
8/21/2012,158.830002
8/22/2012,160.539993
8/23/2012,161.889999
8/24/2012,161.970001
8/27/2012,161.360001
8/28/2012,161.639999
8/29/2012,160.589996
8/30/2012,160.520004
8/31/2012,164.220001
9/4/2012,164.479996
9/5/2012,164.309998
9/6/2012,164.889999
9/7/2012,168.440002
9/10/2012,167.289993
9/11/2012,167.899994
9/12/2012,167.919998
9/13/2012,171.309998
9/14/2012,171.800003
9/17/2012,170.399994
9/18/2012,171.720001
9/19/2012,171.740005
9/20/2012,171.470001
9/21/2012,171.960007
9/24/2012,171.050003
9/25/2012,170.770004
9/26/2012,169.809998
9/27/2012,172.339996
9/28/2012,171.889999
10/1/2012,172.289993
10/2/2012,172.100006
10/3/2012,172.410004
10/4/2012,173.610001
10/5/2012,172.619995
10/8/2012,172.050003
10/9/2012,170.990005
10/10/2012,170.839996
10/11/2012,171.320007
10/12/2012,170.059998
10/15/2012,168.350006
10/16/2012,169.419998
10/17/2012,169.539993
10/18/2012,168.789993
10/19/2012,166.970001
10/22/2012,167.580002
10/23/2012,165.429993
10/24/2012,164.860001
10/25/2012,166.020004
10/26/2012,165.929993
10/31/2012,166.830002
11/1/2012,166.070007
11/2/2012,162.600006
11/5/2012,163.229996
11/6/2012,166.300003
11/7/2012,166.490005
11/8/2012,167.990005
11/9/2012,167.820007
11/12/2012,167.449997
11/13/2012,167.100006
11/14/2012,167.139999
11/15/2012,166.089996
11/16/2012,165.880005
11/19/2012,167.869995
11/20/2012,167.389999
11/21/2012,167.559998
11/23/2012,169.610001
11/26/2012,169.429993
11/27/2012,168.710007
11/28/2012,166.550003
11/29/2012,167.179993
11/30/2012,166.050003
12/3/2012,166.130005
12/4/2012,164.419998
12/5/2012,164.119995
12/6/2012,164.5
12/7/2012,165.160004
12/10/2012,165.800003
12/11/2012,165.649994
12/12/2012,165.770004
12/13/2012,164.369995
12/14/2012,164.130005
12/17/2012,164.440002
12/18/2012,162.080002
12/19/2012,161.690002
12/20/2012,159.729996
12/21/2012,160.330002
12/24/2012,160.619995
12/26/2012,160.779999
12/27/2012,161.160004
12/28/2012,160.539993
12/31/2012,162.020004
1/2/2013,163.169998
1/3/2013,161.199997
1/4/2013,160.440002
1/7/2013,159.429993
1/8/2013,160.559998
1/9/2013,160.490005
1/10/2013,161.979996
1/11/2013,161.059998
1/14/2013,161.539993
1/15/2013,162.559998
1/16/2013,162.649994
1/17/2013,163.350006
1/18/2013,163.089996
1/22/2013,163.669998
1/23/2013,163.210007
1/24/2013,161.419998
1/25/2013,160.649994
1/28/2013,160.289993
1/29/2013,160.990005
1/30/2013,162.190002
1/31/2013,161.199997
2/1/2013,161.449997
2/4/2013,162
2/5/2013,161.960007
2/6/2013,162.389999
2/7/2013,161.839996
2/8/2013,161.570007
2/11/2013,159.699997
2/12/2013,159.889999
2/13/2013,159.050003
2/14/2013,158.350006
2/15/2013,155.759995
2/19/2013,155.330002
2/20/2013,151.440002
2/21/2013,152.619995
2/22/2013,152.970001
2/25/2013,154.339996
2/26/2013,156.220001
2/27/2013,154.570007
2/28/2013,153
3/1/2013,152.440002
3/4/2013,152.300003
3/5/2013,152.380005
3/6/2013,153.229996
3/7/2013,152.690002
3/8/2013,152.710007
3/11/2013,152.990005
3/12/2013,154.190002
3/13/2013,153.660004
3/14/2013,153.679993
3/15/2013,154
3/18/2013,155.380005
3/19/2013,156.080002
3/20/2013,155.369995
3/21/2013,156.25
3/22/2013,155.550003
3/25/2013,155.240005
3/26/2013,154.720001
3/27/2013,155.360001
3/28/2013,154.449997
4/1/2013,154.669998
4/2/2013,152.429993
4/3/2013,150.729996
4/4/2013,150.289993
4/5/2013,152.809998
4/8/2013,152.160004
4/9/2013,153.339996
4/10/2013,150.75
4/11/2013,151.050003
4/12/2013,143.949997
4/15/2013,131.309998
4/16/2013,132.800003
4/17/2013,132.869995
4/18/2013,134.300003
4/19/2013,135.470001
4/22/2013,137.899994
4/23/2013,136.880005
4/24/2013,138.369995
4/25/2013,141.630005
4/26/2013,140.910004
4/29/2013,142.300003
4/30/2013,142.770004
5/1/2013,141.110001
5/2/2013,141.919998
5/3/2013,142.089996
5/6/2013,142.149994
5/7/2013,140.380005
5/8/2013,142.460007
5/9/2013,140.809998
5/10/2013,139.600006
5/13/2013,138.429993
5/14/2013,137.809998
5/15/2013,134.630005
5/16/2013,134.089996
5/17/2013,131.070007
5/20/2013,135.119995
5/21/2013,132.880005
5/22/2013,131.940002
5/23/2013,134.610001
5/24/2013,133.759995
5/28/2013,133.490005
5/29/2013,134.830002
5/30/2013,136.699997
5/31/2013,133.919998
6/3/2013,136.509995
6/4/2013,135.229996
6/5/2013,135.520004
6/6/2013,136.529999
6/7/2013,133.279999
6/10/2013,133.940002
6/11/2013,133.25
6/12/2013,134.25
6/13/2013,133.740005
6/14/2013,134.429993
6/17/2013,133.770004
6/18/2013,132.130005
6/19/2013,130.589996
6/20/2013,123.599998
6/21/2013,125.050003
6/24/2013,123.93
6/25/2013,123.470001
6/26/2013,118.279999
6/27/2013,115.940002
6/28/2013,119.110001
7/1/2013,121.129997
7/2/2013,120.050003
7/3/2013,120.739998
7/5/2013,118.089996
7/8/2013,119.510002
7/9/2013,120.620003
7/10/2013,120.949997
7/11/2013,124.239998
7/12/2013,124.129997
7/15/2013,124.18
7/16/2013,124.889999
7/17/2013,123.32
7/18/2013,124.010002
7/19/2013,125.110001
7/22/2013,128.839996
7/23/2013,129.710007
7/24/2013,127.480003
7/25/2013,128.669998
7/26/2013,128.779999
7/29/2013,128.470001
7/30/2013,128.119995
7/31/2013,127.959999
8/1/2013,126.610001
8/2/2013,126.360001
8/5/2013,125.699997
8/6/2013,123.970001
8/7/2013,124.150002
8/8/2013,126.860001
8/9/2013,126.860001
8/12/2013,129.130005
8/13/2013,127.739998
8/14/2013,129
8/15/2013,131.690002
8/16/2013,132.580002
8/19/2013,132.009995
8/20/2013,132.449997
8/21/2013,132.070007
8/22/2013,132.809998
8/23/2013,134.899994
8/26/2013,135.449997
8/27/2013,136.75
8/28/2013,136.710007
8/29/2013,135.869995
8/30/2013,134.619995
9/3/2013,136.419998
9/4/2013,134.660004
9/5/2013,132.199997
9/6/2013,134.149994
9/9/2013,133.910004
9/10/2013,131.740005
9/11/2013,131.699997
9/12/2013,127.669998
9/13/2013,127.82
9/16/2013,126.449997
9/17/2013,126.5
9/18/2013,132.009995
9/19/2013,131.75
9/20/2013,127.959999
9/23/2013,127.550003
9/24/2013,127.660004
9/25/2013,128.789993
9/26/2013,127.790001
9/27/2013,128.970001
9/30/2013,128.179993
10/1/2013,124.589996
10/2/2013,127.059998
10/3/2013,127.18
10/4/2013,126.529999
10/7/2013,127.639999
10/8/2013,127.400002
10/9/2013,126.110001
10/10/2013,124.269997
10/11/2013,122.599998
10/14/2013,122.830002
10/15/2013,123.730003
10/16/2013,123.540001
10/17/2013,127.419998
10/18/2013,126.849998
10/21/2013,126.980003
10/22/2013,129.339996
10/23/2013,128.690002
10/24/2013,129.899994
10/25/2013,130.460007
10/28/2013,130.559998
10/29/2013,129.770004
10/30/2013,129.600006
10/31/2013,127.739998
11/1/2013,126.949997
11/4/2013,126.809998
11/5/2013,126.559998
11/6/2013,127.199997
11/7/2013,126.160004
11/8/2013,124.279999
11/11/2013,123.870003
11/12/2013,122.449997
11/13/2013,122.849998
11/14/2013,124.269997
11/15/2013,124.32
11/18/2013,122.900002
11/19/2013,122.949997
11/20/2013,120.120003
11/21/2013,119.940002
11/22/2013,119.919998
11/25/2013,120.459999
11/26/2013,119.82
11/27/2013,119.459999
11/29/2013,120.699997
12/2/2013,117.580002
12/3/2013,117.959999
12/4/2013,119.959999
12/5/2013,118.300003
12/6/2013,118.550003
12/9/2013,119.720001
12/10/2013,121.82
12/11/2013,120.860001
12/12/2013,118.290001
12/13/2013,119.379997
12/16/2013,119.690002
12/17/2013,118.650002
12/18/2013,117.610001
12/19/2013,114.82
12/20/2013,115.940002
12/23/2013,115.57
12/24/2013,116.099998
12/26/2013,116.739998
12/27/2013,117.120003
12/30/2013,115.389999
12/31/2013,116.120003
1/2/2014,118
1/3/2014,119.290001
1/6/2014,119.5
1/7/2014,118.82
1/8/2014,118.120003
1/9/2014,118.459999
1/10/2014,120.260002
1/13/2014,121.019997
1/14/2014,119.889999
1/15/2014,119.660004
1/16/2014,119.790001
1/17/2014,120.93
1/21/2014,119.699997
1/22/2014,119.190002
1/23/2014,121.790001
1/24/2014,122.290001
1/27/2014,120.959999
1/28/2014,120.949997
1/29/2014,122.470001
1/30/2014,119.769997
1/31/2014,120.089996
2/3/2014,121.32
2/4/2014,120.989998
2/5/2014,121.290001
2/6/2014,121.239998
2/7/2014,122.169998
2/10/2014,122.919998
2/11/2014,124.360001
2/12/2014,124.43
2/13/2014,125.489998
2/14/2014,127.150002
2/18/2014,127.400002
2/19/2014,126.269997
2/20/2014,127.599998
2/21/2014,127.580002
2/24/2014,128.990005
2/25/2014,129.210007
2/26/2014,128.110001
2/27/2014,128.199997
2/28/2014,127.620003
3/3/2014,130.289993
3/4/2014,128.679993
3/5/2014,128.889999
3/6/2014,130.169998
3/7/2014,129.089996
3/10/2014,129.130005
3/11/2014,129.860001
3/12/2014,131.759995
3/13/2014,132.210007
3/14/2014,133.100006
3/17/2014,131.639999
3/18/2014,130.619995
3/19/2014,128.089996
3/20/2014,127.860001
3/21/2014,128.470001
3/24/2014,126.18
3/25/2014,126.410004
3/26/2014,125.410004
3/27/2014,124.589996
3/28/2014,124.559998
3/31/2014,123.610001
4/1/2014,123.389999
4/2/2014,124.32
4/3/2014,123.919998
4/4/2014,125.57
4/7/2014,124.910004
4/8/2014,126.089996
4/9/2014,126.32
4/10/2014,127.010002
4/11/2014,126.93
4/14/2014,127.849998
4/15/2014,125.489998
4/16/2014,125.540001
4/17/2014,124.75
4/21/2014,124.239998
4/22/2014,123.779999
4/23/2014,123.760002
4/24/2014,124.559998
4/25/2014,125.43
4/28/2014,124.879997
4/29/2014,124.860001
4/30/2014,124.220001
5/1/2014,123.800003
5/2/2014,125.059998
5/5/2014,126.220001
5/6/2014,125.980003
5/7/2014,124.169998
5/8/2014,124.169998
5/9/2014,124.099998
5/12/2014,124.940002
5/13/2014,124.599998
5/14/2014,125.809998
5/15/2014,124.769997
5/16/2014,124.5
5/19/2014,124.580002
5/20/2014,124.690002
5/21/2014,124.389999
5/22/2014,124.669998
5/23/2014,124.510002
5/27/2014,121.849998
5/28/2014,121.199997
5/29/2014,120.940002
5/30/2014,120.43
6/2/2014,119.699997
6/3/2014,120.010002
6/4/2014,119.760002
6/5/2014,120.660004
6/6/2014,120.610001
6/9/2014,120.650002
6/10/2014,121.389999
6/11/2014,121.410004
6/12/2014,122.639999
6/13/2014,122.959999
6/16/2014,122.419998
6/17/2014,122.279999
6/18/2014,122.669998
6/19/2014,126.940002
6/20/2014,126.5
6/23/2014,126.849998
6/24/2014,126.980003
6/25/2014,126.989998
6/26/2014,126.730003
6/27/2014,126.660004
6/30/2014,128.039993
7/1/2014,127.699997
7/2/2014,127.699997
7/3/2014,127.160004
7/7/2014,127.019997
7/8/2014,127.07
7/9/2014,127.839996
7/10/2014,128.539993
7/11/2014,128.779999
7/14/2014,125.720001
7/15/2014,124.529999
7/16/2014,124.970001
7/17/2014,127.089996
7/18/2014,126.129997
7/21/2014,126.339996
7/22/2014,125.739998
7/23/2014,125.620003
7/24/2014,124.349998
7/25/2014,125.790001
7/28/2014,125.580002
7/29/2014,125.199997
7/30/2014,124.830002
7/31/2014,123.389999
8/1/2014,124.379997
8/4/2014,123.989998
8/5/2014,123.870003
8/6/2014,125.669998
8/7/2014,126.18
8/8/2014,126.190002
8/11/2014,125.959999
8/12/2014,125.989998
8/13/2014,126.199997
8/14/2014,126.309998
8/15/2014,125.480003
8/18/2014,124.959999
8/19/2014,124.68
8/20/2014,124.220001
8/21/2014,122.879997
8/22/2014,123.190002
8/25/2014,122.739998
8/26/2014,123.349998
8/27/2014,123.32
8/28/2014,124
8/29/2014,123.860001
9/2/2014,121.650002
9/3/2014,122.150002
9/4/2014,121.480003
9/5/2014,122.059998
9/8/2014,120.730003
9/9/2014,120.870003
9/10/2014,120.260002
9/11/2014,119.470001
9/12/2014,118.379997
9/15/2014,118.639999
9/16/2014,118.830002
9/17/2014,117.540001
9/18/2014,117.779999
9/19/2014,117.089996
9/22/2014,116.849998
9/23/2014,117.599998
9/24/2014,117.050003
9/25/2014,117.389999
9/26/2014,117.059998
9/29/2014,117.029999
9/30/2014,116.209999
10/1/2014,116.769997
10/2/2014,116.739998
10/3/2014,114.610001
10/6/2014,116.029999
10/7/2014,116.360001
10/8/2014,117.470001
10/9/2014,117.639999
10/10/2014,117.589996
10/13/2014,118.519997
10/14/2014,118.589996
10/15/2014,118.989998
10/16/2014,119.220001
10/17/2014,118.989998
10/20/2014,119.800003
10/21/2014,120.019997
10/22/2014,119.339996
10/23/2014,118.519997
10/24/2014,118.349998
10/27/2014,118.059998
10/28/2014,118.099998
10/29/2014,116.410004
10/30/2014,115.190002
10/31/2014,112.660004
11/3/2014,112.150002
11/4/2014,112.220001
11/5/2014,109.790001
11/6/2014,109.879997
11/7/2014,112.970001
11/10/2014,110.459999
11/11/2014,112.040001
11/12/2014,111.5
11/13/2014,111.669998
11/14/2014,114.470001
11/17/2014,114.050003
11/18/2014,115.050003
11/19/2014,113.68
11/20/2014,114.860001
11/21/2014,115.389999
11/24/2014,115.110001
11/25/2014,115.379997
11/26/2014,115.160004
11/28/2014,112.110001
12/1/2014,116.580002
12/2/2014,115.139999
12/3/2014,116.330002
12/4/2014,115.879997
12/5/2014,114.43
12/8/2014,115.779999
12/9/2014,118.190002
12/10/2014,117.959999
12/11/2014,117.690002
12/12/2014,117.410004
12/15/2014,114.389999
12/16/2014,114.949997
12/17/2014,114.269997
12/18/2014,115.150002
12/19/2014,114.769997
12/22/2014,112.550003
12/23/2014,112.739998
12/24/2014,112.769997
12/26/2014,114.830002
12/29/2014,113.669998
12/30/2014,115.199997
12/31/2014,113.580002
1/2/2015,114.080002
1/5/2015,115.800003
1/6/2015,117.120003
1/7/2015,116.43
1/8/2015,115.940002
1/9/2015,117.260002
1/12/2015,118.559998
1/13/2015,118.160004
1/14/2015,117.970001
1/15/2015,120.940002
1/16/2015,122.519997
1/20/2015,124.199997
1/21/2015,124.230003
1/22/2015,125.230003
1/23/2015,124.230003
1/26/2015,122.989998
1/27/2015,124.400002
1/28/2015,123.419998
1/29/2015,120.760002
1/30/2015,123.449997
2/2/2015,122.419998
2/3/2015,121.050003
2/4/2015,121.580002
2/5/2015,121.790001
2/6/2015,118.639999
2/9/2015,119.169998
2/10/2015,118.470001
2/11/2015,117.07
2/12/2015,117.339996
2/13/2015,117.980003
2/17/2015,116.010002
2/18/2015,116.339996
2/19/2015,115.940002
2/20/2015,115.279999
2/23/2015,115.43
2/24/2015,115.260002
2/25/2015,115.699997
2/26/2015,116.07
2/27/2015,116.160004
3/2/2015,115.68
3/3/2015,115.470001
3/4/2015,115.110001
3/5/2015,115
3/6/2015,111.860001
3/9/2015,111.970001
3/10/2015,111.419998
3/11/2015,110.75
3/12/2015,110.720001
3/13/2015,110.879997
3/16/2015,110.809998
3/17/2015,110.209999
3/18/2015,112.370003
3/19/2015,112.290001
3/20/2015,113.57
3/23/2015,114.290001
3/24/2015,114.57
3/25/2015,114.730003
3/26/2015,115.480003
3/27/2015,115.059998
3/30/2015,113.75
3/31/2015,113.660004
4/1/2015,115.599998
4/2/2015,115.279999
4/6/2015,116.690002
4/7/2015,116.110001
4/8/2015,115.470001
4/9/2015,114.669998
4/10/2015,115.970001
4/13/2015,115.139999
4/14/2015,114.440002
4/15/2015,115.43
4/16/2015,115.029999
4/17/2015,115.599998
4/20/2015,114.720001
4/21/2015,115.379997
4/22/2015,113.830002
4/23/2015,114.660004
4/24/2015,113.050003
4/27/2015,115.330002
4/28/2015,116.330002
4/29/2015,115.510002
4/30/2015,113.470001
5/1/2015,113.080002
5/4/2015,114.099998
5/5/2015,114.419998
5/6/2015,114.360001
5/7/2015,113.419998
5/8/2015,113.970001
5/11/2015,113.529999
5/12/2015,114.5
5/13/2015,116.550003
5/14/2015,117.18
5/15/2015,117.529999
5/18/2015,117.519997
5/19/2015,115.889999
5/20/2015,116.080002
5/21/2015,115.690002
5/22/2015,115.599998
5/26/2015,113.910004
5/27/2015,113.889999
5/28/2015,114.019997
5/29/2015,114.099998
6/1/2015,114
6/2/2015,114.459999
6/3/2015,113.639999
6/4/2015,112.839996
6/5/2015,112.239998
6/8/2015,112.57
6/9/2015,112.82
6/10/2015,113.779999
6/11/2015,113.260002
6/12/2015,113.230003
6/15/2015,113.730003
6/16/2015,113.32
6/17/2015,113.849998
6/18/2015,115.32
6/19/2015,115.120003
6/22/2015,113.639999
6/23/2015,112.889999
6/24/2015,112.589996
6/25/2015,112.440002
6/26/2015,112.559998
6/29/2015,113.07
6/30/2015,112.370003
7/1/2015,111.980003
7/2/2015,111.760002
7/6/2015,112.059998
7/7/2015,110.760002
7/8/2015,111.089996
7/9/2015,111.360001
7/10/2015,111.489998
7/13/2015,110.989998
7/14/2015,110.739998
7/15/2015,110.160004
7/16/2015,109.760002
7/17/2015,108.650002
7/20/2015,105.699997
7/21/2015,105.370003
7/22/2015,104.800003
7/23/2015,104.330002
7/24/2015,105.349998
7/27/2015,104.860001
7/28/2015,105.019997
7/29/2015,105.169998
7/30/2015,104.269997
7/31/2015,104.93
8/3/2015,104.099998
8/4/2015,104.309998
8/5/2015,103.93
8/6/2015,104.389999
8/7/2015,104.650002
8/10/2015,105.720001
8/11/2015,106.260002
8/12/2015,107.75
8/13/2015,106.860001
8/14/2015,106.849998
8/17/2015,107.129997
8/18/2015,107.110001
8/19/2015,108.550003
8/20/2015,110.440002
8/21/2015,111.129997
8/24/2015,110.529999
8/25/2015,109.160004
8/26/2015,107.669998
8/27/2015,107.730003
8/28/2015,108.699997
8/31/2015,108.82
9/1/2015,109.199997
9/2/2015,108.620003
9/3/2015,107.839996
9/4/2015,107.489998
9/8/2015,107.519997
9/9/2015,106.129997
9/10/2015,106.379997
9/11/2015,106.160004
9/14/2015,106.220001
9/15/2015,105.900002
9/16/2015,107.309998
9/17/2015,108.410004
9/18/2015,109.209999
9/21/2015,108.529999
9/22/2015,107.790001
9/23/2015,108.220001
9/24/2015,110.489998
9/25/2015,109.809998
9/28/2015,108.419998
9/29/2015,107.980003
9/30/2015,106.860001
10/1/2015,106.730003
10/2/2015,108.989998
10/5/2015,108.769997
10/6/2015,109.860001
10/7/2015,109.699997
10/8/2015,109.139999
10/9/2015,110.870003
10/12/2015,111.309998
10/13/2015,111.860001
10/14/2015,113.809998
10/15/2015,113.290001
10/16/2015,112.489998
10/19/2015,112.019997
10/20/2015,112.730003
10/21/2015,111.730003
10/22/2015,111.690002
10/23/2015,111.5
10/26/2015,111.43
10/27/2015,111.68
10/28/2015,110.779999
10/29/2015,109.720001
10/30/2015,109.300003
11/2/2015,108.589996
11/3/2015,106.980003
11/4/2015,105.970001
11/5/2015,105.639999
11/6/2015,104.099998
11/9/2015,104.400002
11/10/2015,104.18
11/11/2015,103.830002
11/12/2015,103.849998
11/13/2015,103.559998
11/16/2015,103.709999
11/17/2015,102.339996
11/18/2015,102.43
11/19/2015,103.559998
11/20/2015,103.089996
11/23/2015,102.260002
11/24/2015,102.940002
11/25/2015,102.459999
11/27/2015,101.25
11/30/2015,101.919998
12/1/2015,102.279999
12/2/2015,100.690002
12/3/2015,101.760002
12/4/2015,104.019997
12/7/2015,102.669998
12/8/2015,102.839996
12/9/2015,102.639999
12/10/2015,102.550003
12/11/2015,103.110001
12/14/2015,101.790001
12/15/2015,101.519997
12/16/2015,102.75
12/17/2015,100.5
12/18/2015,102.040001
12/21/2015,103.150002
12/22/2015,102.610001
12/23/2015,102.309998
12/24/2015,103.050003
12/28/2015,102.269997
12/29/2015,102.199997
12/30/2015,101.419998
12/31/2015,101.459999
1/4/2016,102.889999
1/5/2016,103.18
1/6/2016,104.669998
1/7/2016,106.150002
1/8/2016,105.68
1/11/2016,104.739998
1/12/2016,104.209999
1/13/2016,104.720001
1/14/2016,103.019997
1/15/2016,104.080002
1/19/2016,103.980003
1/20/2016,105.370003
1/21/2016,105.489998
1/22/2016,105
1/25/2016,106.080002
1/26/2016,107.290001
1/27/2016,107.690002
1/28/2016,106.540001
1/29/2016,106.949997
2/1/2016,108.050003
2/2/2016,108.089996
2/3/2016,109.25
2/4/2016,110.57
2/5/2016,112.32
2/8/2016,113.830002
2/9/2016,113.580002
2/10/2016,114.459999
2/11/2016,119.059998
2/12/2016,118.360001
2/16/2016,114.769997
2/17/2016,115.480003
2/18/2016,118.290001
2/19/2016,117.580002
2/22/2016,115.489998
2/23/2016,117.220001
2/24/2016,117.610001
2/25/2016,117.919998
2/26/2016,117.110001
2/29/2016,118.639999
3/1/2016,117.769997
3/2/2016,118.68
3/3/2016,120.730003
3/4/2016,120.540001
3/7/2016,121.139999
3/8/2016,120.580002
3/9/2016,119.580002
3/10/2016,121.5
3/11/2016,119.410004
3/14/2016,117.870003
3/15/2016,117.959999
3/16/2016,120.589996
3/17/2016,120.129997
3/18/2016,119.800003
3/21/2016,118.959999
3/22/2016,119.309998
3/23/2016,116.610001
3/24/2016,116.330002
3/28/2016,116.599998
3/29/2016,118.760002
3/30/2016,117.099998
3/31/2016,117.639999
4/1/2016,116.93
4/4/2016,116.150002
4/5/2016,117.660004
4/6/2016,116.940002
4/7/2016,118.610001
4/8/2016,118.43
4/11/2016,120.029999
4/12/2016,120.050003
4/13/2016,118.769997
4/14/2016,117.110001
4/15/2016,117.919998
4/18/2016,117.739998
4/19/2016,119.580002
4/20/2016,118.970001
4/21/2016,119.419998
4/22/2016,117.889999
4/25/2016,118.230003
4/26/2016,118.699997
4/27/2016,119.040001
4/28/2016,121.290001
4/29/2016,123.650002
5/2/2016,123.239998
5/3/2016,122.959999
5/4/2016,122.209999
5/5/2016,122.07
5/6/2016,123.18
5/9/2016,120.650002
5/10/2016,120.980003
5/11/2016,122.120003
5/12/2016,121.160004
5/13/2016,121.709999
5/16/2016,121.800003
5/17/2016,122.220001
5/18/2016,120.099998
5/19/2016,119.870003
5/20/2016,119.709999
5/23/2016,119.370003
5/24/2016,117.300003
5/25/2016,116.980003
5/26/2016,116.580002
5/27/2016,115.620003
5/31/2016,116.059998
6/1/2016,115.940002
6/2/2016,115.669998
6/3/2016,118.879997
6/6/2016,118.919998
6/7/2016,118.82
6/8/2016,120.580002
6/9/2016,121.25
6/10/2016,121.739998
6/13/2016,122.639999
6/14/2016,122.769997
6/15/2016,123.68
6/16/2016,122.379997
6/17/2016,123.949997
6/20/2016,123.209999
6/21/2016,120.839996
6/22/2016,120.900002
6/23/2016,120.110001
6/24/2016,126
6/27/2016,126.68
6/28/2016,125.32
6/29/2016,125.839996
6/30/2016,126.470001
7/1/2016,128.410004
7/5/2016,129.470001
7/6/2016,130.229996
7/7/2016,129.740005
7/8/2016,130.520004
7/11/2016,129.289993
7/12/2016,127.150002
7/13/2016,128.320007
7/14/2016,127.330002
7/15/2016,126.839996
7/18/2016,127.040001
7/19/2016,127.209999
7/20/2016,125.389999
7/21/2016,127.300003
7/22/2016,126.349998
7/25/2016,125.470001
7/26/2016,126
7/27/2016,128.029999
7/28/2016,127.660004
7/29/2016,128.979996
8/1/2016,129.220001
8/2/2016,130.270004
8/3/2016,129.649994
8/4/2016,129.869995
8/5/2016,127.550003
8/8/2016,127.440002
8/9/2016,127.959999
8/10/2016,128.559998
8/11/2016,127.669998
8/12/2016,127.400002
8/15/2016,127.839996
8/16/2016,128.470001
8/17/2016,128.5
8/18/2016,129.110001
8/19/2016,127.970001
8/22/2016,127.779999
8/23/2016,127.760002
8/24/2016,126.339996
8/25/2016,126.230003
8/26/2016,126.050003
8/29/2016,126.300003
8/30/2016,125.029999
8/31/2016,124.779999
9/1/2016,125.290001
9/2/2016,126.57
9/6/2016,128.710007
9/7/2016,128.270004
9/8/2016,127.589996
9/9/2016,126.75
9/12/2016,126.589996
9/13/2016,125.75
9/14/2016,126.18
9/15/2016,125.370003
9/16/2016,125.059998
9/19/2016,125.32
9/20/2016,125.440002
9/21/2016,127.269997
9/22/2016,127.57
9/23/2016,127.650002
9/26/2016,127.550003
9/27/2016,126.620003
9/28/2016,126.220001
9/29/2016,126.07
9/30/2016,125.639999
10/3/2016,125.32
10/4/2016,120.970001
10/5/2016,120.779999
10/6/2016,119.660004
10/7/2016,119.739998
10/10/2016,120.160004
10/11/2016,119.550003
10/12/2016,119.739998
10/13/2016,120.029999
10/14/2016,119.360001
10/17/2016,119.68
10/18/2016,120.419998
10/19/2016,121.110001
10/20/2016,120.739998
10/21/2016,120.830002
10/24/2016,120.559998
10/25/2016,121.470001
10/26/2016,120.790001
10/27/2016,121.010002
10/28/2016,121.580002
10/31/2016,121.940002
11/1/2016,122.730003
11/2/2016,123.639999
11/3/2016,124.300003
11/4/2016,124.389999
11/7/2016,122.150002
11/8/2016,121.639999
11/9/2016,121.559998
11/10/2016,119.75
11/11/2016,117.099998
11/14/2016,116.110001
11/15/2016,117.120003
11/16/2016,116.769997
11/17/2016,116.169998
11/18/2016,115.150002
11/21/2016,115.580002
11/22/2016,115.540001
11/23/2016,113.25
11/25/2016,112.610001
11/28/2016,113.800003
11/29/2016,113.269997
11/30/2016,111.75
12/1/2016,111.540001
12/2/2016,112.139999
12/5/2016,111.540001
12/6/2016,111.43
12/7/2016,111.830002
12/8/2016,111.57
12/9/2016,110.400002
12/12/2016,110.82
12/13/2016,110.449997
12/14/2016,108.830002
12/15/2016,107.339996
12/16/2016,108.050003
12/19/2016,108.589996
12/20/2016,107.790001
12/21/2016,107.849998
12/22/2016,107.589996
12/23/2016,107.93
12/27/2016,108.559998
12/28/2016,108.860001
12/29/2016,110.290001
12/30/2016,109.610001
1/3/2017,110.470001
1/4/2017,110.860001
1/5/2017,112.580002
1/6/2017,111.75
1/9/2017,112.669998
1/10/2017,113.150002
1/11/2017,113.5
1/12/2017,113.910004
1/13/2017,114.209999
1/17/2017,115.849998
1/18/2017,114.870003
1/19/2017,114.769997
1/20/2017,115.050003
1/23/2017,115.790001
1/24/2017,115.269997
1/25/2017,114.32
1/26/2017,113.260002
1/27/2017,113.489998
1/30/2017,113.970001
1/31/2017,115.550003
2/1/2017,115.199997
2/2/2017,115.839996
2/3/2017,116.129997
2/6/2017,117.699997
2/7/2017,117.459999
2/8/2017,118.190002
2/9/2017,117.290001
2/10/2017,117.599998
2/13/2017,116.800003
2/14/2017,116.93
2/15/2017,117.449997
2/16/2017,118.080002
2/17/2017,117.68
2/21/2017,117.75
2/22/2017,117.910004
2/23/2017,118.940002
2/24/2017,119.699997
2/27/2017,119.120003
2/28/2017,119.230003
3/1/2017,119.059998
3/2/2017,117.580002
3/3/2017,117.510002
3/6/2017,116.720001
3/7/2017,115.779999
3/8/2017,115.059998
3/9/2017,114.470001
3/10/2017,114.720001
3/13/2017,114.739998
3/14/2017,114.120003
3/15/2017,116.25
3/16/2017,116.730003
3/17/2017,116.989998
3/20/2017,117.510002
3/21/2017,118.540001
3/22/2017,118.830002
3/23/2017,118.669998
3/24/2017,118.860001
3/27/2017,119.529999
3/28/2017,119.040001
3/29/2017,119.330002
3/30/2017,118.470001
3/31/2017,118.720001
4/3/2017,119.349998
4/4/2017,119.620003
4/5/2017,119.620003
4/6/2017,119.18
4/7/2017,119.459999
4/10/2017,119.459999
4/11/2017,121.190002
4/12/2017,122.019997
4/13/2017,122.599998
4/17/2017,122.239998
4/18/2017,122.82
4/19/2017,121.730003
4/20/2017,121.959999
4/21/2017,122.309998
4/24/2017,121.480003
4/25/2017,120.25
4/26/2017,120.839996
4/27/2017,120.389999
4/28/2017,120.769997
5/1/2017,119.669998
5/2/2017,119.650002
5/3/2017,117.980003
5/4/2017,116.790001
5/5/2017,117.010002
5/8/2017,116.75
5/9/2017,116.050003
5/10/2017,116.040001
5/11/2017,116.5
5/12/2017,116.830002
5/15/2017,117.139999
5/16/2017,117.650002
5/17/2017,119.790001
5/18/2017,118.809998
5/19/2017,119.400002
5/22/2017,119.900002
5/23/2017,119.139999
5/24/2017,119.610001
5/25/2017,119.480003
5/26/2017,120.540001
5/30/2017,120.139999
5/31/2017,120.620003
6/1/2017,120.720001
6/2/2017,121.610001
6/5/2017,121.730003
6/6/2017,123.099998
6/7/2017,122.449997
6/8/2017,121.650002
6/9/2017,120.540001
6/12/2017,120.360001
6/13/2017,120.480003
6/14/2017,119.82
6/15/2017,119.32
6/16/2017,119.339996
6/19/2017,118.43
6/20/2017,118.18
6/21/2017,118.519997
6/22/2017,118.919998
6/23/2017,119.43
6/26/2017,118.360001
6/27/2017,118.809998
6/28/2017,118.900002
6/29/2017,118.32
6/30/2017,118.019997
7/3/2017,116.089996
7/5/2017,116.519997
7/6/2017,116.470001
7/7/2017,115.279999
7/10/2017,115.470001
7/11/2017,115.620003
7/12/2017,116.029999
7/13/2017,115.82
7/14/2017,116.769997
7/17/2017,117.290001
7/18/2017,118.110001
7/19/2017,118.080002
7/20/2017,118.239998
7/21/2017,119.260002
7/24/2017,119.309998
7/25/2017,118.919998
7/26/2017,119.879997
7/27/2017,119.790001
7/28/2017,120.690002
7/31/2017,120.75
8/1/2017,120.650002
8/2/2017,120.400002
8/3/2017,120.589996
8/4/2017,119.650002
8/7/2017,119.510002
8/8/2017,119.860001
8/9/2017,121.309998
8/10/2017,122.209999
8/11/2017,122.790001
8/14/2017,121.919998
8/15/2017,120.980003
8/16/2017,121.870003
8/17/2017,122.489998
8/18/2017,122.300003
8/21/2017,122.760002
8/22/2017,122.209999
8/23/2017,122.669998
8/24/2017,122.290001
8/25/2017,122.739998
8/28/2017,124.690002
8/29/2017,124.419998
8/30/2017,124.360001
8/31/2017,125.82
9/1/2017,126.059998
9/5/2017,127.459999
9/6/2017,126.809998
9/7/2017,128.130005
9/8/2017,127.970001
9/11/2017,126.190002
9/12/2017,126.559998
9/13/2017,125.610001
9/14/2017,126.160004
9/15/2017,125.529999
9/18/2017,124.360001
9/19/2017,124.620003
9/20/2017,123.620003
9/21/2017,122.68
9/22/2017,123.239998
9/25/2017,124.529999
9/26/2017,123.139999
9/27/2017,121.980003
9/28/2017,122.209999
9/29/2017,121.580002
10/2/2017,120.769997
10/3/2017,120.830002
10/4/2017,121.169998
10/5/2017,120.519997
10/6/2017,121.089996
10/9/2017,122.080002
10/10/2017,122.400002
10/11/2017,122.790001
10/12/2017,122.889999
10/13/2017,123.82
10/16/2017,122.970001
10/17/2017,122.129997
10/18/2017,121.669998
10/19/2017,122.389999
10/20/2017,121.610001
10/23/2017,121.800003
10/24/2017,121.330002
10/25/2017,121.349998
10/26/2017,120.330002
10/27/2017,120.900002
10/30/2017,121.129997
10/31/2017,120.669998
11/1/2017,121.110001
11/2/2017,121.190002
11/3/2017,120.620003
11/6/2017,121.650002
11/7/2017,121.209999
11/8/2017,121.629997
11/9/2017,122.129997
11/10/2017,121.129997
11/13/2017,121.309998
11/14/2017,121.559998
11/15/2017,121.410004
11/16/2017,121.400002
11/17/2017,122.860001
11/20/2017,121.309998
11/21/2017,121.510002
11/22/2017,122.629997
11/24/2017,122.32
11/27/2017,122.830002
11/28/2017,122.809998
11/29/2017,122.040001
11/30/2017,121.099998
12/1/2017,121.589996
12/4/2017,121.18
12/5/2017,120.32
12/6/2017,120.07
12/7/2017,118.489998
12/8/2017,118.480003
12/11/2017,118.010002
12/12/2017,118.150002
12/13/2017,119.169998
12/14/2017,118.93
12/15/2017,119.18
12/18/2017,119.730003
12/19/2017,119.82
12/20/2017,120.139999
12/21/2017,120.309998
12/22/2017,120.940002
12/26/2017,121.769997
12/27/2017,122.230003
12/28/2017,122.849998
12/29/2017,123.650002
1/2/2018,125.150002
1/3/2018,124.82
1/4/2018,125.459999
1/5/2018,125.330002
1/8/2018,125.309998
1/9/2018,124.730003
1/10/2018,125.029999
1/11/2018,125.440002
1/12/2018,126.959999
1/16/2018,127.169998
1/17/2018,126.139999
1/18/2018,125.860001
1/19/2018,126.419998
1/22/2018,126.650002
1/23/2018,127.279999
1/24/2018,128.830002
1/25/2018,127.970001
1/26/2018,128.070007
1/29/2018,127.349998
1/30/2018,126.800003
1/31/2018,127.650002
2/1/2018,128.070007
2/2/2018,126.389999
2/5/2018,126.709999
2/6/2018,125.379997
2/7/2018,124.790001
2/8/2018,124.980003
2/9/2018,124.769997
2/12/2018,125.370003
2/13/2018,126.080002
2/14/2018,128.229996
2/15/2018,128.380005
2/16/2018,127.959999
2/20/2018,126.239998
2/21/2018,125.660004
2/22/2018,126.300003
2/23/2018,126.139999
2/26/2018,126.449997
2/27/2018,125.129997
2/28/2018,125
3/1/2018,124.720001
3/2/2018,125.389999
3/5/2018,125.18
3/6/2018,126.529999
3/7/2018,125.720001
3/8/2018,125.419998
3/9/2018,125.540001
3/12/2018,125.540001
3/13/2018,125.779999
3/14/2018,125.699997
3/15/2018,124.900002
3/16/2018,124.599998
3/19/2018,124.870003
3/20/2018,124.309998
3/21/2018,126.480003
3/22/2018,125.980003
3/23/2018,127.610001
3/26/2018,128.279999
3/27/2018,127.489998
3/28/2018,125.730003
3/29/2018,125.790001
4/2/2018,127.260002
4/3/2018,126.300003
4/4/2018,126.449997
4/5/2018,125.800003
4/6/2018,126.389999
4/9/2018,126.82
4/10/2018,127.120003
4/11/2018,128.110001
4/12/2018,126.620003
4/13/2018,127.449997
4/16/2018,127.629997
4/17/2018,127.75
4/18/2018,127.849998
4/19/2018,127.599998
4/20/2018,126.629997
4/23/2018,125.620003
4/24/2018,126.230003
4/25/2018,125.410004
4/26/2018,124.970001
4/27/2018,125.5
4/30/2018,124.589996
5/1/2018,123.709999
5/2/2018,123.650002
5/3/2018,124.279999
5/4/2018,124.540001
5/7/2018,124.57
5/8/2018,124.589996
5/9/2018,124.330002
5/10/2018,125.18
5/11/2018,125
5/14/2018,124.489998
5/15/2018,122.480003
5/16/2018,122.290001
5/17/2018,122.360001
5/18/2018,122.410004
5/21/2018,122.480003
5/22/2018,122.410004
5/23/2018,122.540001
5/24/2018,123.589996
5/25/2018,123.209999
5/29/2018,123.190002
5/30/2018,123.370003
5/31/2018,123.099998
6/1/2018,122.489998
6/4/2018,122.370003
6/5/2018,122.849998
6/6/2018,122.919998
6/7/2018,122.860001
6/8/2018,123.010002
6/11/2018,123.230003
6/12/2018,122.82
6/13/2018,123.190002
6/14/2018,123.379997
6/15/2018,121.339996
6/18/2018,121.110001
6/19/2018,120.800003
6/20/2018,120.260002
6/21/2018,120.050003
6/22/2018,120.339996
6/25/2018,119.889999
6/26/2018,119.260002
6/27/2018,118.580002
6/28/2018,118.220001
6/29/2018,118.650002
7/2/2018,117.459999
7/3/2018,118.650002
7/5/2018,119.050003
7/6/2018,118.860001
7/9/2018,119.150002
7/10/2018,118.93
7/11/2018,117.639999
7/12/2018,118.129997
7/13/2018,117.610001
7/16/2018,117.550003
7/17/2018,116.279999
7/18/2018,116.309998
7/19/2018,115.809998
7/20/2018,116.559998
7/23/2018,116
7/24/2018,116.040001
7/25/2018,116.68
7/26/2018,115.769997
7/27/2018,115.830002
7/30/2018,115.650002
7/31/2018,115.989998
8/1/2018,115.139999
8/2/2018,114.519997
8/3/2018,114.919998
8/6/2018,114.330002
8/7/2018,114.589996
8/8/2018,114.910004
8/9/2018,114.739998
8/10/2018,114.690002
8/13/2018,112.959999
8/14/2018,113.07
8/15/2018,111.190002
8/16/2018,111.099998
8/17/2018,112.129997
8/20/2018,112.690002
8/21/2018,113.019997
8/22/2018,113.269997
8/23/2018,112.199997
8/24/2018,114.160004
8/27/2018,114.589996
8/28/2018,113.68
8/29/2018,114.199997
8/30/2018,113.639999
8/31/2018,113.510002
9/4/2018,112.93
9/5/2018,113.32
9/6/2018,113.540001
9/7/2018,113.230003
9/10/2018,113.150002
9/11/2018,113.220001
9/12/2018,114.169998
9/13/2018,113.760002
9/14/2018,113.019997
9/17/2018,113.610001
9/18/2018,113.440002
9/19/2018,113.879997
9/20/2018,114.269997
9/21/2018,113.489998
9/24/2018,113.470001
9/25/2018,113.650002
9/26/2018,113.050003
9/27/2018,112.050003
9/28/2018,112.760002
10/1/2018,112.57
10/2/2018,113.870003
10/3/2018,113.419998
10/4/2018,113.480003
10/5/2018,113.800003
10/8/2018,112.540001
10/9/2018,112.599998
10/10/2018,112.879997
10/11/2018,115.779999
10/12/2018,115.230003
10/15/2018,116
10/16/2018,115.800003
10/17/2018,115.790001
10/18/2018,115.919998
10/19/2018,116.010002
10/22/2018,115.709999
10/23/2018,116.389999
10/24/2018,116.660004
10/25/2018,116.400002
10/26/2018,116.769997
10/29/2018,116.309998
10/30/2018,115.800003
10/31/2018,115.150002
11/1/2018,116.629997
11/2/2018,116.650002
11/5/2018,116.370003
11/6/2018,116.040001
11/7/2018,116.029999
11/8/2018,115.779999
11/9/2018,114.480003
11/12/2018,113.660004
11/13/2018,113.699997
11/14/2018,114.639999
11/15/2018,114.769997
11/16/2018,115.620003
11/19/2018,115.669998
11/20/2018,115.669998
11/21/2018,115.860001
11/23/2018,115.769997
11/26/2018,115.639999
11/27/2018,114.949997
11/28/2018,115.379997
11/29/2018,115.739998
11/30/2018,115.540001
12/3/2018,116.410004
12/4/2018,117.120003
12/6/2018,117.139999
12/7/2018,118.089996
12/10/2018,117.68
12/11/2018,117.540001
12/12/2018,117.790001
12/13/2018,117.529999
12/14/2018,117.059998
12/17/2018,117.870003
12/18/2018,118.150002
12/19/2018,117.43
12/20/2018,119.239998
12/21/2018,118.720001
12/24/2018,120.019997
12/26/2018,119.660004
12/27/2018,120.57
12/28/2018,121.059998
12/31/2018,121.25
1/2/2019,121.330002
1/3/2019,122.43
1/4/2019,121.440002
1/7/2019,121.860001
1/8/2019,121.529999
1/9/2019,122.309998
1/10/2019,121.589996
1/11/2019,121.800003
1/14/2019,122.089996
1/15/2019,121.879997
1/16/2019,122.269997
1/17/2019,122.110001
1/18/2019,121.019997
1/22/2019,121.449997
1/23/2019,121.279999
1/24/2019,121.089996
1/25/2019,122.860001
1/28/2019,123.290001
1/29/2019,123.980003
1/30/2019,124.690002
1/31/2019,124.75
2/1/2019,124.5
2/4/2019,123.959999
2/5/2019,124.279999
2/6/2019,123.440002
2/7/2019,123.739998
2/8/2019,124.209999
2/11/2019,123.599998
2/12/2019,123.860001
2/13/2019,123.370003
2/14/2019,124.059998
2/15/2019,124.800003
2/19/2019,126.699997
2/20/2019,126.480003
2/21/2019,125.050003
2/22/2019,125.5
2/25/2019,125.370003
2/26/2019,125.580002
2/27/2019,124.690002
2/28/2019,123.989998
3/1/2019,121.879997
3/4/2019,121.559998
3/5/2019,121.720001
3/6/2019,121.610001
3/7/2019,121.510002
3/8/2019,122.839996
3/11/2019,122.239998
3/12/2019,122.980003
3/13/2019,123.839996
3/14/2019,122.410004
3/15/2019,122.970001
3/18/2019,123.040001
3/19/2019,123.379997
3/20/2019,124.18
3/21/2019,123.68
3/22/2019,123.970001
3/25/2019,124.919998
3/26/2019,124.300003
3/27/2019,123.650002
3/28/2019,121.900002
3/29/2019,122.010002
4/1/2019,121.529999
4/2/2019,121.980003
4/3/2019,121.800003
4/4/2019,122.110001
4/5/2019,121.980003
4/8/2019,122.510002
4/9/2019,123.150002
4/10/2019,123.529999
4/11/2019,121.949997
4/12/2019,121.830002
4/15/2019,121.599998
4/16/2019,120.510002
4/17/2019,120.279999
4/18/2019,120.370003
4/22/2019,120.370003
4/23/2019,120.120003
4/24/2019,120.470001
4/25/2019,120.57
4/26/2019,121.370003
4/29/2019,120.830002
4/30/2019,121.199997
5/1/2019,120.400002
5/2/2019,119.940002
5/3/2019,120.650002
5/6/2019,120.809998
5/7/2019,121.209999
5/8/2019,120.910004
5/9/2019,121.199997
5/10/2019,121.43
5/13/2019,122.669998
5/14/2019,122.459999
5/15/2019,122.389999
5/16/2019,121.510002
5/17/2019,120.650002
5/20/2019,120.639999
5/21/2019,120.360001
5/22/2019,120.239998
5/23/2019,121.169998
5/24/2019,121.300003
5/28/2019,120.830002
5/29/2019,120.870003
5/30/2019,121.690002
5/31/2019,123.330002
6/3/2019,125.110001
6/4/2019,125.150002
6/5/2019,125.470001
6/6/2019,125.879997
6/7/2019,126.589996
6/10/2019,125.330002
6/11/2019,125.18
6/12/2019,125.830002
6/13/2019,126.599998
6/14/2019,126.559998
6/17/2019,126.480003
6/18/2019,127.120003
6/19/2019,127.889999
6/20/2019,131.110001
6/21/2019,131.979996
6/24/2019,133.940002
6/25/2019,134.199997
6/26/2019,132.970001
6/27/2019,132.839996
6/28/2019,133.199997
7/1/2019,130.619995
7/2/2019,133.410004
7/3/2019,133.630005
7/5/2019,132.139999
7/8/2019,131.289993
7/9/2019,131.75
7/10/2019,133.830002
7/11/2019,132.699997
7/12/2019,133.529999
7/15/2019,133.529999
7/16/2019,132.399994
7/17/2019,134.580002
7/18/2019,136.479996
7/19/2019,134.470001
7/22/2019,134.449997
7/23/2019,133.690002
7/24/2019,134.369995
7/25/2019,133.419998
7/26/2019,133.639999
7/29/2019,134.529999
7/30/2019,134.979996
7/31/2019,133.210007
8/1/2019,136.410004
8/2/2019,135.889999
8/5/2019,137.789993
8/6/2019,138.910004
8/7/2019,141.020004
8/8/2019,141.729996
8/9/2019,141.259995
8/12/2019,142.630005
8/13/2019,141.779999
8/14/2019,142.75
8/15/2019,143.699997
8/16/2019,142.779999
8/19/2019,141.110001
8/20/2019,142.210007
8/21/2019,141.759995
8/22/2019,141.399994
8/23/2019,144.169998
8/26/2019,144.190002
8/27/2019,145.570007
8/28/2019,145.160004
8/29/2019,144.119995
8/30/2019,143.75
9/3/2019,145.75
9/4/2019,146.660004
9/5/2019,143.139999
9/6/2019,141.919998
9/9/2019,141.389999
9/10/2019,140.179993
9/11/2019,141.029999
9/12/2019,141.320007
9/13/2019,140.149994
9/16/2019,141.320007
9/17/2019,141.600006
9/18/2019,140.710007
9/19/2019,141.279999
9/20/2019,142.949997
9/23/2019,143.75
9/24/2019,144.509995
9/25/2019,141.830002
9/26/2019,141.789993
9/27/2019,141.059998
9/30/2019,138.869995
10/1/2019,139.630005
10/2/2019,141.259995
10/3/2019,141.899994
10/4/2019,141.899994
10/7/2019,140.690002
10/8/2019,141.919998
10/9/2019,142.050003
10/10/2019,140.809998
10/11/2019,140.029999
10/14/2019,140.589996
10/15/2019,139.610001
10/16/2019,140.410004
10/17/2019,140.610001
10/18/2019,140.460007
10/21/2019,139.789993
10/22/2019,140.199997
10/23/2019,140.529999
10/24/2019,141.529999
10/25/2019,141.860001
10/28/2019,140.639999
10/29/2019,140.25
10/30/2019,141.020004
10/31/2019,142.429993
11/1/2019,142.559998
11/4/2019,142.149994
11/5/2019,139.850006
11/6/2019,140.449997
11/7/2019,138.270004
11/8/2019,137.389999
11/11/2019,137.059998
11/12/2019,137.429993
11/13/2019,137.979996
11/14/2019,138.559998
11/15/2019,138.210007
11/18/2019,138.619995
11/19/2019,138.690002
11/20/2019,138.759995
11/21/2019,138
11/22/2019,137.740005
11/25/2019,137.080002
11/26/2019,137.740005
11/27/2019,137.009995
11/29/2019,137.860001
12/2/2019,137.789993
12/3/2019,139.110001
12/4/2019,138.919998
12/5/2019,139
12/6/2019,137.619995
12/9/2019,137.580002
12/10/2019,137.970001
12/11/2019,138.919998
12/12/2019,138.429993
12/13/2019,139.050003
12/16/2019,139.039993
12/17/2019,139.009995
12/18/2019,139.020004
12/19/2019,139.380005
12/20/2019,139.520004
12/23/2019,139.949997
12/24/2019,141.270004
12/26/2019,142.380005
12/27/2019,142.330002
12/30/2019,142.630005
12/31/2019,142.899994
1/2/2020,143.949997
1/3/2020,145.860001
1/6/2020,147.389999
1/7/2020,147.970001
1/8/2020,146.860001
1/9/2020,146.029999
1/10/2020,146.910004
1/13/2020,145.820007
1/14/2020,145.690002
1/15/2020,146.539993
1/16/2020,146.309998
1/17/2020,146.580002
1/21/2020,146.740005
1/22/2020,146.789993
1/23/2020,147.119995
1/24/2020,147.979996
1/27/2020,148.990005
1/28/2020,147.660004
1/29/2020,148.460007
1/30/2020,148.470001
1/31/2020,149.330002
2/3/2020,148.360001
2/4/2020,146.429993
2/5/2020,146.610001
2/6/2020,147.399994
2/7/2020,147.789993
2/10/2020,148.169998
2/11/2020,147.660004
2/12/2020,147.539993
2/13/2020,148.380005
2/14/2020,149
2/18/2020,150.910004
2/19/2020,151.789993
2/20/2020,152.410004
2/21/2020,154.699997
2/24/2020,156.089996
2/25/2020,153.300003
