5_Day_Dates,JPM,AIG,ALL,AMT,BAC,CCI,GS,SCHW
4/30/2010,0.042742984,0.005141558,0.026629827,0.047782712,0.092540482,0.054161138,0.015219976,0.104468283
5/7/2010,0.021344806,-0.026356794,-0.002201256,-0.059701624,-0.009888833,-0.020111664,-0.001678597,0.020325138
5/14/2010,-0.004010966,0.094662798,0.041732162,0.019426519,0.021419688,0.013417195,0.018222669,0.011855374
5/21/2010,0.01173524,0.016129023,-0.009669046,-0.003714487,0.015635046,-0.027754585,-0.028450957,0.019796019
5/28/2010,0.072258736,0.036743934,0.063989269,-0.033801843,0.05720369,0.032136177,0.038680056,0.02876376
6/7/2010,-0.016612252,-0.08832178,-0.044645811,-0.042243766,-0.039110035,-0.092633943,0.037785076,0.001260047
6/14/2010,-0.041253854,-0.045025676,-0.010684294,-0.033203387,-0.024659126,0.004596416,-0.032224613,0.035331422
6/21/2010,0.008489566,0.061403604,0.008919836,-0.004654137,0.034832132,0.00153916,0.007841209,0.020274641
6/28/2010,0.056054078,0.073391887,0.068999699,0.004853036,0.077427607,0.052158282,0.032196363,0.056742154
7/6/2010,-0.114230126,-0.126964929,-0.049767269,-0.010862137,-0.114508949,-0.038492724,-0.060411046,-0.032554937
7/13/2010,0.020997639,0.044221886,0.035812141,-0.021491349,0.121250761,-0.008875272,-0.061747204,-0.03358426
7/20/2010,-0.026747089,-0.078215305,-0.012027069,0.020824545,-0.030501261,-0.00827935,0.011282534,-0.010609892
7/27/2010,-0.009584975,-0.011238929,0.002096981,-0.018636165,-0.010570674,-0.045932429,-0.040480951,0.022309368
8/3/2010,0.046494861,-0.015155076,-0.030472894,-0.00452038,0.049511692,0.009568116,-0.004635251,-0.021476585
8/10/2010,0.043145147,0.093804275,0.040108925,-0.015855712,0.030814465,0.011394496,0.034503323,0.048812858
8/17/2010,0.033884862,0.059033499,0.025495465,0.025100195,0.043149398,-0.010774164,0.031226813,0.045769506
8/24/2010,-0.004142799,0.009920995,-0.010278802,-0.013846737,0.014240273,-0.019335716,0.046378546,0.072674518
8/31/2010,-0.07590718,-0.069259935,-0.054347505,-0.053350851,-0.073895651,-0.034776223,-0.077484939,-0.07601887
9/8/2010,-0.047546031,0.003307497,-0.047766258,0.009724518,-0.025429788,-0.0035251,-0.034024643,-0.013838193
9/15/2010,0.025378032,0.013551023,-0.015414845,-0.033142391,0.021152166,-0.000234232,0.029431366,0.020833116
9/22/2010,0.03830732,-0.049901669,-0.019056794,-0.025544519,0.023099932,-0.032076963,0.024650142,-0.023477364
9/29/2010,-0.040131894,-0.087850999,-0.018066621,0.020081179,-0.021357514,0.017468376,-0.04445336,-0.02150515
10/6/2010,0.001503547,-0.048355142,-0.025529153,-0.000197006,0.007468033,0.019857082,-0.025789125,0.012631242
10/13/2010,0.04367502,0.025755138,0.010321802,0.006107055,0.115876663,0.002355466,-0.031474384,-0.057569433
10/20/2010,0.014697923,-0.005047034,0.003680785,-0.004955305,0.017872412,0.005194923,-0.003446087,-0.043010584
10/27/2010,-0.00479469,-0.041845756,0.0772786,-0.028205049,0.001733243,-0.02777114,-0.015485514,0.001932889
11/3/2010,-0.07688273,0.013311494,-0.036369985,-0.018799507,-0.091145928,0.0286373,-0.028223734,0.003314108
11/10/2010,0.035450502,0.028146237,0.038956913,0.038976055,0.075576736,0.013314352,0.013934081,0.022106588
11/17/2010,0.026034168,0.000478753,0.001675341,-0.019592555,0.02925987,-0.020963993,0.028079431,-0.010638034
11/24/2010,-0.030136376,-0.026819957,-0.023986854,0.004419478,-0.036407688,-0.007316681,-0.016210173,-0.06315805
12/2/2010,-0.038158638,-0.114272525,-0.006928374,0.018529439,-0.0830478,0.011715324,-0.024308031,-0.040223066
12/9/2010,0.019603277,-0.090414203,-0.023263027,0.016912428,0.010276293,0.00521589,0.011955381,-0.011302333
12/16/2010,-0.051736887,-0.042802218,-0.022734744,-0.010802559,-0.043130132,-0.012631294,-0.01909286,-0.001176633
12/23/2010,-0.008079815,-0.060555887,0.001878356,-0.021966521,-0.021439975,-0.031536935,-0.003340786,-0.005288226
12/31/2010,-0.02994152,-0.061784057,0.018506921,0.022075604,-0.068215917,0.028063153,-0.015045342,-0.045587298
1/7/2011,-0.029101638,0.117358737,0.018536187,0.012871516,-0.070175415,0.043896472,-0.025250571,-0.052543215
1/14/2011,-0.002450093,0.063445542,-0.018560648,-0.023269952,0.087213135,-0.043211221,0.049714392,0.028677806
1/24/2011,0.001777487,0.038140766,0.004475773,0.002940698,0.013649498,0.007531289,0.016115514,0.01312194
1/31/2011,-0.012461163,-0.045353546,-0.023763732,-0.055053066,-0.068463424,-0.052881488,-0.021452602,-0.027700702
2/7/2011,-0.02285705,0.020863095,0.028858256,-0.043794047,-0.014996669,-0.03986452,-0.002333074,-0.036149624
2/14/2011,0.011387996,0.029781864,-0.025193964,0.054097291,0.047683102,0.071475141,0.027339666,0.016179469
2/22/2011,0.008911173,0.084102911,0.009451992,0.004907451,0.017630321,0.046652346,0.00790102,0.010080062
3/1/2011,-0.017544022,-0.016620973,-0.017811792,0.01138073,-0.055315938,0.020308602,6.23E-05,-0.024115937
3/8/2011,0.038577518,0.014205384,0.014784391,0.040291612,0.049693724,0.025973709,0.025108264,0.065934232
3/15/2011,-0.019278213,-0.004622395,-0.005108349,0.025989785,0.005730492,0.026154067,-0.022512,0.003361176
3/22/2011,-0.0120958,0.020838825,-0.004765017,-0.036740661,0.038184552,-0.083202141,0.014428817,-0.004497083
3/29/2011,-0.017657921,0.03316778,0.000632376,-0.004553372,-0.00898871,-0.035731341,-0.002776478,-0.044767739
4/5/2011,-0.001287799,0.025728979,0,0.021875895,0,0.003050742,-0.009502413,0.022496117
4/12/2011,0.042667165,0.057511626,0.017715672,0.00221661,0.083890316,0.007062319,0.053360006,0.020274106
4/19/2011,-0.019036729,0.013075964,-0.028663333,-0.067649301,0.000810428,-0.053817219,-0.006585175,-0.041387555
4/27/2011,0,0.001892698,-0.063869434,0.021373114,-0.012976647,0.060742529,0.008766285,0.036538295
5/4/2011,0.027912107,0.031289621,0.027368928,-0.03440276,0.01921526,-0.011017923,0.02402342,-0.015100889
5/11/2011,0.003391415,-0.005872762,0.018154097,0.02541089,0.037551039,0.018953091,0.047606381,0.026446245
5/18/2011,0.041061529,0.082711561,0.036980007,-0.041027482,0.034774963,0.000482543,0.032660821,0.009620998
5/25/2011,0.015613938,0.00954737,0.00418823,-0.001473529,0.007063888,-0.005556361,0.011112497,0.025142741
6/2/2011,0.01514059,-0.003213202,0.02296978,0.083302989,0.056687106,0.026669733,0.006325284,0.046893628
6/9/2011,0.01512931,0.002135423,0.021523497,-0.005416402,0.004694929,0.015798267,-0.019171704,0.022139992
6/16/2011,0.007185423,-0.022467903,-0.003722453,-0.047286551,-0.010377544,-0.02533225,0.027408229,-0.008176132
6/23/2011,-0.02171241,-0.022671778,-0.029332584,0.003048081,-0.023342193,0.002201635,-0.005515187,-0.026201155
6/30/2011,-0.001228697,-0.021146055,-0.000327478,-0.021975909,0.023722577,-0.046089699,-0.007438685,0.051671897
7/8/2011,0.018655053,0.057114256,0.035035965,0.004674618,0.06542073,0.007499402,0.029236097,0.037820491
7/15/2011,-0.0552777,-0.030463999,0.026467447,-0.001690473,-0.013000197,-0.001180632,-0.04094939,-0.028647535
7/22/2011,0.04124219,0.013406478,0.033809981,0.014815963,0.041460585,-0.023584853,0.003837885,0.03303117
7/29/2011,0.070457215,0.125435747,0.051587073,0.048544017,0.158599652,0.059907756,0.072534782,0.085063679
8/5/2011,0.044946866,0.078486086,0.044503476,-0.004401966,0.119950899,-0.01446101,0.069579616,0.095981
8/12/2011,0.043441999,0.041936751,0.030255002,0.027290962,0.030598287,0.03237519,0.040439457,0.091130931
8/19/2011,-0.054148644,-0.049639128,-0.003694544,-0.062052241,-0.113343124,-0.039200681,8.98E-05,-0.075201069
8/26/2011,0.043634618,-0.01719666,-0.02970313,-0.024681771,0.064569887,-0.015858244,0.039071139,0.03913369
9/2/2011,0.063817289,0.003381119,-0.012419657,0.015807426,0.027586268,0.01939453,0.03866978,0.006932486
9/12/2011,-0.002159259,-0.045801613,0.032053752,-0.055640938,0.008510405,-0.056681072,-0.018363554,-0.041012503
9/19/2011,0.02585422,0.048661852,0.038020899,0.030972988,0.055794122,0.050673597,0.054097982,0.026823708
9/26/2011,0.094786778,0.127877258,0.034849543,0.011962631,0.162121112,0.031016826,0.091385482,0.0585701
10/3/2011,-0.13732394,-0.084555153,-0.090268853,-0.057888836,-0.135623849,-0.044416646,-0.067273217,-0.122598572
10/10/2011,0.039009358,-0.002253358,0.024636561,0.015200266,0.039808735,-0.018056563,-0.007905235,0.026894961
10/17/2011,-0.113724398,-0.130395576,-0.120910896,-0.039404705,-0.114427543,-0.015636212,-0.073064937,-0.069514109
10/24/2011,-0.005496224,0.017899664,0.026967173,0.037386709,-0.016369233,0.049632351,-0.0535682,0.038371335
10/31/2011,0.014959937,0.039287359,-0.001898371,-0.058620923,0.05563704,-0.010638203,0.036330651,-0.035831033
11/7/2011,0.049357384,0.007588251,-0.003789368,0.016629643,0.06201512,0.002631698,0.05948649,0.039494641
11/14/2011,0.081105989,0.107476613,0.041525376,0.025453164,0.092562403,0.042935832,0.080471486,0.098684216
11/21/2011,0.045135443,-0.005711425,-0.014136538,-0.032915705,0.074681181,-0.019799045,0.023507978,-0.010036538
11/29/2011,-0.163515494,-0.138665397,-0.062279514,-0.025978867,-0.140039352,-0.069550821,-0.1390612,-0.103884675
12/6/2011,0.058381196,0.051122008,0.041297825,0.012911835,0.079584673,0.004136072,0.060498343,0.056464852
12/13/2011,-0.029402662,-0.040297624,-0.037307544,-0.028728716,0.028195295,-0.015228364,0.042718837,0.017346243
12/20/2011,-0.013660306,0.032842214,-0.007786556,-0.004514859,-0.023211141,0.003181877,0.009452396,0.008826714
12/28/2011,-0.100668786,-0.040922922,-0.020603328,-0.004661492,-0.192815887,-0.02553544,-0.049489603,-0.06144355
1/5/2012,-0.032791396,-0.063572104,-0.047945431,-0.034796969,-0.076069887,-0.028235254,-0.07009917,-0.046140457
1/12/2012,-0.013840181,-0.00865088,-0.026143457,0.015051881,-0.04123707,0.000648786,-0.074399503,-0.027265761
1/20/2012,0.004015282,0.015594369,0.024807262,-0.024386191,-0.031117478,-0.054089181,-0.027864639,0.088993528
1/27/2012,-0.028755707,-0.076039679,-0.055002109,-0.005713419,-0.075445701,-0.010262651,-0.051534821,-0.097687043
2/3/2012,0.017502534,0.018770976,-0.009123409,0.001262365,-0.029336695,-0.001828786,0.029013928,0.044534714
2/10/2012,-0.022866353,-0.021380574,-0.013561349,0.012482416,0.006195515,-0.041776141,-0.015685055,-0.056650016
2/17/2012,-0.015336609,-0.052515524,0.000637199,-0.009600186,-0.002493406,-0.00837083,-0.002760876,-0.047397319
2/27/2012,-0.034306197,-0.060362822,-0.012827692,0.003328169,0.007484005,-0.025482571,-0.023731377,-0.025964304
3/5/2012,-0.003465326,0.073708431,-0.008874708,0.014151565,-0.002509441,-0.034450143,0.01382453,-0.019522979
3/12/2012,-0.110014644,0.012433203,-0.029531772,-0.029838579,-0.192740894,0.033848762,-0.062484232,-0.085815484
3/19/2012,-0.026000076,-0.045323566,-0.009460016,0.024745499,-0.04197276,-0.009229627,-0.030329929,0.005225589
3/26/2012,0.000866541,-0.072608547,-0.008464169,-0.027942835,0.025175979,0.003919457,0.024752399,0.044648295
4/2/2012,0.062622573,-0.002245553,0.041666763,0.034139236,0.117768839,0.014427696,0.082786066,0.054982968
4/10/2012,-0.021880932,-0.047375487,-0.028464314,-0.044466161,-0.044496635,-0.045437759,-0.020076853,-0.017454403
4/17/2012,0.01412309,0.009780069,0.002128807,0.012896276,0.079596617,-0.000181426,0.02353237,0.010007068
4/24/2012,-0.011783634,-0.059876417,-0.017677168,-0.029907323,-0.012180416,-0.02509107,-0.010691134,-0.020938498
5/1/2012,0.055035175,0.076878251,-0.038933722,-0.035457344,0.062575429,0.011174237,0.051677755,0.055869701
5/8/2012,0.124214549,0.023343791,0.020466818,-0.000295418,0.062900929,0.026367583,0.086861079,0.031602882
5/15/2012,0.061534612,0.052648616,0.033548797,0.039840688,0.043835687,0.012527855,0.023430455,0.010878044
5/22/2012,0.03087318,0.015001816,-0.032208636,-0.001844266,-0.032907006,-0.011753798,0.02530313,0.016496256
5/30/2012,-0.003337509,-0.03496032,-0.012173028,-0.009203981,-0.061111297,-0.00866686,-0.003699789,0.00798757
6/6/2012,-0.037193738,-0.013377852,0.000879705,-0.006535843,0.018324858,-0.039670944,0.023589001,0.022543913
6/13/2012,-0.06268217,-0.057755835,-0.018203162,-0.033977793,-0.085333317,-0.013715628,-0.041307182,-0.04859942
6/20/2012,-0.009053681,0.038377536,0.0135527,-0.016941468,0.045454595,-0.012315624,0.033971942,0.02592317
6/27/2012,0.057459026,-0.037313411,-0.020169836,-0.02607717,-0.006435137,-0.021247189,-0.028411847,-0.033871166
7/5/2012,0.009889358,0.04691912,0.035816552,0.001825601,0.043478316,-0.001174592,0.019808152,0.033541321
7/12/2012,-0.012338204,-0.042336759,-0.031500625,0.00801802,0.029411708,0.009552511,-0.010423445,-0.043583476
7/19/2012,-0.039176066,0.033690137,0.016133795,-0.007232345,0.01239667,-0.026903438,-0.032210288,0.023975131
7/26/2012,0.01787216,-0.004887708,-0.069692865,-0.016330822,-0.001394697,-0.021585302,0.002549026,0.031695715
8/2/2012,-0.049758426,-0.054150373,-0.041609269,0.026457781,-0.075208763,0.001935592,-0.059196118,-0.069509264
8/9/2012,-0.004875227,-0.064595715,0.008146897,-0.010956225,-0.027202165,-0.011797157,0.001061875,-0.023059571
8/16/2012,-0.003503939,0.024559698,0.000794932,0.025897385,-0.027742695,0.015492734,-0.005701249,0.023290807
8/23/2012,0.008864124,-0.00088879,0.00823609,-0.013148559,0.029447933,-0.024496928,-0.010571385,-0.032307682
8/30/2012,-0.06504107,-0.005919183,-0.034964609,-0.025669909,-0.113908314,-0.02137775,-0.110866961,-0.045454471
9/7/2012,-0.057760556,-0.030302753,-0.035862657,0.007786102,-0.085227501,0.015658887,-0.043239036,-0.028510388
9/14/2012,0.016598051,0.039691711,-0.014300354,0.013312854,0.046073451,-0.027878604,0.038233354,0.058905203
9/21/2012,0.00978496,0.024977597,0.020282023,-0.0172267,0.030735496,0.017775453,0.02604525,0.058173568
9/28/2012,-0.037995208,-0.074412797,-0.034587104,-0.020030493,-0.055492369,-0.026521565,-0.049525084,-0.035965369
10/5/2012,0.002157584,-0.006528751,0.009028584,0.008925754,0.021458855,0.017477439,-0.007459512,0.022641471
10/12/2012,-0.016818977,-0.006768022,-0.034473924,-0.023139679,-0.035087485,-0.016550496,-0.028452736,-0.028571373
10/19/2012,0.027410109,0.027450638,0.044274997,0.006364942,0.033898086,-0.011259944,0.033813519,-0.011261242
10/26/2012,-0.041787928,0.046083372,0.022415996,-0.005451704,-0.089911984,-0.011586008,-0.057015961,-0.031180235
11/6/2012,0.066231597,0.053441914,0.029553826,-0.006235362,0.061368123,0.008478406,0.077465127,0.083152386
11/13/2012,-0.016483667,-0.033811798,-0.052244609,0.006465802,-0.032154547,0.010351222,-0.013909253,-0.022870598
11/20/2012,-0.003194379,-0.005862462,-0.019270187,-0.006236926,-0.013499247,-0.012733241,-0.014785568,-0.013107082
11/28/2012,-0.009061898,-0.036196257,-0.016490242,-0.005390104,-0.072803873,0.000898072,0.018436604,0.015981492
12/5/2012,-0.038106598,-0.031675373,0.003389802,-0.021176656,-0.014340609,-0.055580511,-0.008196318,-0.05723098
12/12/2012,-0.017769384,-0.001148098,0.008503608,-0.002370107,-0.054665279,-0.002554668,-0.077567934,-0.058522646
12/19/2012,-0.002297504,-0.002292711,0.016662279,-0.002101583,-0.025022523,-0.006653295,0.004558085,0.017968484
12/27/2012,-0.046793424,-0.038032849,-0.05158216,-0.009961967,-0.055797647,-0.034172625,-0.061893116,-0.087966443
1/4/2013,-0.017195833,0.029476857,-0.01800926,-0.022453226,0.039636491,0.010334452,-0.019478291,0.004527932
1/11/2013,-0.006935412,0.003973442,-0.005819472,-0.007235101,0.042132568,-0.02074726,-0.053379917,-0.003898718
1/18/2013,-0.003874364,-0.062980569,-0.00740565,0.005923119,-0.030520467,0.012249276,0.002076855,-0.042071209
1/28/2013,-0.022298547,-0.023860641,-0.009189573,0.030679286,0,0.043472551,-0.023378384,-0.018012167
2/4/2013,-0.020553527,-0.032993015,-0.030047292,0.001046541,-0.033101095,0.002279185,-0.031995731,-0.02443602
2/11/2013,-0.016235148,0.021546631,-0.032928381,0.023042695,-0.027824683,0.042696168,-0.042104475,-0.022116027
2/19/2013,0.037411385,0.023574797,0.019844176,-0.011927381,0.086956514,-0.040423802,0.063959373,0.052046576
2/26/2013,-0.039705674,-0.01485809,-0.036216359,-0.041583915,-0.038669029,-0.02652326,-0.033514146,-0.047501276
3/5/2013,-0.015963065,-0.022483742,-0.01059076,0.033312567,-0.039826644,0.013547418,0.007257353,-0.044758784
3/12/2013,0.02147984,0.018665429,0.001467263,0.019728806,-0.058285083,0.009061645,0.019822012,0.010710147
3/19/2013,0.011381942,-0.001563276,-0.021200826,-0.01824796,0.033831595,-0.007001212,0.015452962,-0.004558095
3/26/2013,0.030778698,0.015608683,-0.015005196,-0.028066479,0.038273735,0.012344008,0.021358754,0.049914816
4/3/2013,-0.051227451,-0.05972473,-0.007087579,-0.02714366,-0.043183659,-0.051572966,-0.042186335,-0.038209227
4/10/2013,0.049949186,0.038403732,0.013271503,0.001126661,0.050324848,0.005054567,0.059280206,0.052904252
4/17/2013,-0.041247768,-0.078838392,-0.012838836,-0.015292104,-0.052137091,-0.014691814,-0.02368441,-0.010321694
4/24/2013,0.014572727,0.009855795,0.026156719,-0.036172916,0.013810033,-0.040189711,0.009171451,0.025841105
5/1/2013,-0.03645053,-0.076717435,-0.026652939,-0.008340261,-0.072487571,-0.031091227,-0.053643043,-0.075879312
5/8/2013,-0.026728445,-0.027734221,-0.019520725,0.003544802,-0.032257917,-0.002144779,-0.035604718,-0.092060029
5/15/2013,-0.049715799,0.027863464,0.036912553,0.025613827,0.009672181,0.067732471,-0.023970508,-0.004214446
5/22/2013,-0.037106321,-0.042880048,-0.00597123,0.041377655,-0.039068076,0.027683932,-0.03470157,-0.057712626
5/30/2013,0.038115832,0.029214388,0.04792131,0.003681877,0.044837904,0.018888978,0.028414872,0.034722194
6/6/2013,-0.012523518,-0.02407448,-0.019789115,0.021943954,-0.000757296,0.012740631,-0.038451907,-0.02980445
6/13/2013,0.031198231,0.036351493,0.017717954,0.078974836,0.024223902,0.029251502,0.062778817,-0.021956327
6/20/2013,-0.012767018,-0.004743514,-0.037148351,-0.053804342,-0.009309614,-0.070457726,0.012226006,-0.022461021
6/27/2013,-0.02321164,-0.015962193,-0.017184437,0.034487143,-0.00384305,0.003587543,0.0017588,-0.051098241
7/5/2013,-0.018151607,-0.034299586,-0.040301256,-0.086089065,-0.055130091,-0.070489149,-0.044831733,0.014538644
7/12/2013,-0.021648063,-0.00299557,-0.019369848,0.03481527,-0.070392232,0.007503588,-0.026544031,0.000461123
7/19/2013,0.001958584,0.007252884,0.011132466,0.033941116,0.001356254,0.04392613,-0.005475818,-0.020295068
7/26/2013,-0.007849946,-0.038461502,-0.01222825,0.028657921,-0.007467693,0.05521449,-0.014280716,-0.023960214
8/2/2013,0.034873049,0.006207173,0.028571362,0.004822749,0.026280141,0.007792145,0.032752691,0.013253578
8/9/2013,0.022560911,0.019363053,0.02506902,0.022519956,0.002076122,0.012361742,0.009067005,0.032750086
8/16/2013,0.018202154,-0.006157031,0.002429974,-0.021580606,-0.010402127,-0.026800077,0.012510394,0.001391193
8/23/2013,0.034212522,0.019624289,0.022288101,0.008135907,0.030885338,0.004445705,0.037958135,0.030190454
8/30/2013,-0.046111156,-0.058760275,-0.026293669,-0.068643326,-0.026215866,-0.043647317,-0.04838001,-0.045018959
9/9/2013,-0.005297043,-0.012222638,-0.027043403,-0.000134301,-0.003453074,0.026914932,-0.04727559,-0.011915932
9/16/2013,0.031614631,0.010666293,-0.032666813,0.013993335,0.026841052,-0.002127436,0.010656801,0.056159601
9/23/2013,-0.004469527,0.010781058,0.030866574,-0.016035638,0.02404526,-0.033687139,0.042601905,-0.014395374
9/30/2013,-0.010095726,-0.002056634,-0.018793256,0.014838707,-0.000724581,0.023688906,0.025029941,0.003311206
10/7/2013,-0.016978349,-0.030781458,-0.025631277,-0.022045959,-0.03910201,-0.008836095,-0.03377619,-0.04461331
10/14/2013,-0.029596025,-0.03523793,-0.018932137,-0.065246419,-0.011846845,-0.037953139,-0.001944001,-0.070422495
10/21/2013,0.029297894,0.010961489,0.012263208,-0.009935808,0.019972414,-0.016207225,-0.010515196,0.023344557
10/28/2013,0.012148823,0.045693215,-0.000376235,0.016189319,0.013352195,0.008435731,-0.010591346,-0.009561143
11/4/2013,-0.039584649,0.004889935,-0.018427972,0.01962018,-0.025641072,0.007975671,-0.004167826,-0.035815274
11/11/2013,-0.030314591,-0.002456947,-0.001477195,-0.014460992,-0.036111056,-0.022645393,-0.011230647,-0.017499944
11/18/2013,-0.034266097,-0.017156849,-0.005715225,0.019982459,-0.059651488,0.032102079,-0.022935386,-0.010647127
11/25/2013,0.013703361,0.02112302,0.014549031,-0.00922098,0.017077795,-0.017463433,0.005181294,0.000405577
12/3/2013,0.00281404,-0.013360681,-0.005045949,-0.019302667,-0.001931701,-0.000665311,-0.009997003,-0.006485575
12/10/2013,0.017283808,-0.001217011,0.029750738,0.031993774,0.024421694,0.047865844,-0.004477846,0.002818982
12/17/2013,-0.045405384,-0.038897643,-0.034304532,-0.030370597,-0.034255736,-0.011590453,-0.033256863,-0.038368253
12/24/2013,-0.005849399,0.011115398,0.007782384,-0.009401172,-0.02547794,0.011181793,-0.004144123,-0.004278551
1/2/2014,-0.009448396,-0.027608011,-0.005228733,-0.033354768,-0.045341223,-0.001954332,-0.002882972,-0.001161758
1/9/2014,-0.003914329,0.011705716,0.012074908,-0.014250473,-0.014854655,-0.027170334,0.012570406,-0.036750743
1/16/2014,0.066112837,0.070679998,0.048138549,0.043833264,0.036885363,0.03187734,0.042986974,0.057089631
1/24/2014,-0.004900961,-0.002089683,-0.011458094,-0.015825323,-0.018237132,0.00574483,0.02099701,0.017807578
1/31/2014,-0.022760138,-0.021893181,-0.030468614,0.006182068,-0.00417925,-0.008455287,0.013343988,0.006393144
2/7/2014,-0.027022169,0.000612037,-0.003790991,-0.03508344,0.007134395,-0.04835126,-0.011054001,-0.034552951
2/14/2014,0.002063708,-0.009595569,-0.016993864,0.002644134,0.010179757,0.003998781,-0.017224176,-0.042435942
2/24/2014,0.031363101,0,-0.00877279,0.018317697,0.013914131,-0.000401416,0.007468405,0.02525446
3/3/2014,-0.053193492,-0.034271564,-0.032377353,0.003437119,-0.072420377,0.000133802,-0.053235281,-0.049883929
3/10/2014,0.027364859,0.041160321,0.005017805,-0.006897948,0.020606701,-0.001873262,0.038441703,0.023572799
3/17/2014,-0.060611506,-0.016148866,-0.011887517,0.010276576,-0.015195652,0.005366992,0.00671302,-0.07242555
3/24/2014,0.00589508,-0.006034868,-0.007120102,-0.011990585,0.009786707,0.00472142,0.011283883,0.038691411
3/31/2014,0.022041365,0.007598324,0.014669472,0.01465755,0.047674898,-0.008403328,0.032285684,0.063300497
4/7/2014,0.068474556,0.001209221,0.009865344,-0.011947719,0.02319891,0.018279717,0.024092315,0.011718773
4/14/2014,-0.015465812,-0.028848338,-0.014854893,-0.032222359,-0.01812493,-0.02697156,-0.036965717,-0.085375359
4/22/2014,-0.005196346,-0.035489917,-0.015530134,0.011080864,0.064456763,0.042794134,0.013835415,0.032046462
4/29/2014,0.049197857,0.0429842,0.005624843,-0.050602425,0.033464551,-0.068244691,0.02338226,0.026335642
5/6/2014,-0.023996968,-0.06766934,-0.032349265,-0.015252178,-0.020366676,-0.006910303,-0.037142662,-0.026723511
5/13/2014,0.01647741,0.027242158,0.005479272,0.00564764,0.033266704,0.01670309,0.024519504,0.064126476
5/20/2014,-0.032203841,-0.018860412,-0.006542357,-0.013177413,-0.041982031,-0.008822581,-0.034473461,-0.019346846
5/28/2014,-0.004148032,-0.025990886,-0.007562915,0.00201841,-0.004623458,0.014880584,-0.007444305,0.003558753
6/4/2014,-0.028556011,-0.000636164,-0.007847104,0.002696278,-0.02498344,0.008347919,-0.018720294,-0.03333333
6/11/2014,-0.008905167,-0.014786574,-0.001354095,0.00404773,-0.003848848,0.011982023,-0.02677878,-0.042626785
6/18/2014,0.004326872,0.01259236,0.007606357,-0.013738994,0.010865476,-0.012229963,0.008713099,0.002578483
6/25/2014,0.002811476,-0.006558584,-0.004939456,-0.005152067,-0.024563625,0.005369851,0.008848639,-0.011816819
7/2/2014,0.02474974,0.013936545,0.015762818,-0.018609446,0.025867643,-0.005398842,0.020792459,0.018248103
7/10/2014,-0.041396427,-0.004038169,0.004304948,0.00623552,0.015544019,0.007786087,-0.041121176,-0.007806861
7/17/2014,-0.02264098,-0.008592172,-0.011587618,-0.016842752,-0.027631519,0.001082468,-0.035970068,-0.025083061
7/24/2014,0.025350684,0.057821313,0.000683791,-0.021868392,0.023687384,-0.004740656,0.019232845,0.001439629
7/31/2014,0.030518341,-0.001539194,-0.014713148,-0.030193896,0.008524772,-0.032623239,0.021808006,0.019837257
8/7/2014,-0.019137802,-0.038417307,-0.024785221,-0.003188093,-0.013227579,-0.019582303,-0.021466212,-0.018054337
8/14/2014,-0.026675889,-0.028116751,-0.012010625,-0.014146639,-0.054830312,-0.024327238,-0.014010385,-0.028954332
8/21/2014,-0.01128236,-0.00269867,0.001332604,0.001516484,0.009282172,0.003124817,-0.017418964,0.002813818
8/28/2014,-0.012677293,0.012380888,-0.003270721,-0.008605097,-0.003709357,-0.011160141,-0.011821178,-0.010229197
9/5/2014,-0.00200295,-0.004996194,0.005704758,0.03633439,-0.048064808,0.022941449,-0.019026301,-0.030726349
9/12/2014,-0.017991145,-0.000905915,-0.019672029,0.005117744,-0.009529692,-0.016548642,-0.016541969,-0.028793934
9/19/2014,0.009000293,0.013034349,0.012701063,0.017969854,-0.004719478,-0.000752289,0.005800396,0.014488096
9/26/2014,-0.002415209,0.021459963,-0.005210747,-0.004601671,-0.01526732,-0.017669491,-0.015936063,0.012028002
10/3/2014,0.029518967,0.063542366,0.009233705,-0.008840962,0.046848093,0.023149963,0.040889326,0.112952297
10/10/2014,0.039644649,-0.01601272,0.008502233,0.016260168,0.016383526,-0.019034317,0.019237092,0.014868409
10/17/2014,-0.045195866,-0.027580908,-0.031827037,-0.032199328,-0.031461947,-0.048367316,-0.036402748,-0.032894993
10/24/2014,-0.029622025,-0.027032076,-0.03643945,-0.013829576,-0.02631618,0.078230155,-0.036214748,-0.074184849
10/31/2014,-0.016368941,-0.008586911,-0.02158817,-0.020205137,-0.011655012,-0.02150517,-0.003789765,0.001040577
11/7/2014,0.019359021,0.002406246,-0.004981225,-0.000603051,0.012672836,-0.007393681,0.003827781,-0.010147121
11/14/2014,-0.002820339,-0.012801604,-0.012316026,-0.025821485,0.001166951,-0.016295448,0.002052765,0.020436581
11/21/2014,0.007444337,0.002930986,-0.007268177,-0.013614043,0.019275677,-0.006732159,0.004162414,0.021923664
12/1/2014,-0.044500075,-0.025504089,-0.022629722,0.02628283,-0.054892304,0.037690175,-0.044739816,-0.086406439
12/8/2014,0.056007497,0.039683961,0.025600159,0.029255494,0.045866534,0.043335296,0.056352457,0.043594076
12/15/2014,-0.046991011,-0.049551362,-0.045569004,-0.033145222,-0.051038621,-0.045298181,-0.047968272,-0.045929057
12/22/2014,-0.019534973,-0.00676981,-0.007098333,0.003377123,-0.023715277,-0.00804683,-0.006531325,-0.009647351
12/30/2014,0.058590763,0.03592277,0.01592897,0.013354565,0.065637094,-0.020020469,0.043074003,0.054695252
1/7/2015,0.038259475,0.056901509,0.00544327,0.017575756,0.053128629,-0.014285852,0.037644107,0.050888596
1/14/2015,-0.013729916,-0.017516381,-0.036295459,-0.016142218,-0.003116991,-0.044090338,-0.010043159,-0.015423985
1/22/2015,0.033339364,0.057765773,0.012508626,0.004148512,0.041019099,-0.017712512,0.033234628,0.0481015
1/29/2015,-0.019759368,-0.047908862,-0.0175931,-0.011887787,-0.034996804,0.000345406,-0.027160533,-0.065415263
2/5/2015,-0.049321753,-0.016079074,0.010096711,0.036348725,-0.043832026,-0.009915401,-0.049842301,-0.073065975
2/12/2015,-0.003861169,-0.052812361,-0.000419238,-0.005834824,0.017396552,-0.012787141,-0.009115862,0.010347201
2/20/2015,-0.024749158,-0.001992084,0.009789638,-0.027038272,0.034798294,0.027054377,0.005870157,0.010455278
2/27/2015,0.006364165,-0.012108957,0.020679542,0.025519433,-0.029140724,0.014714491,0.015174758,-0.057941451
3/6/2015,-0.001806596,0.010295183,-0.006074393,0.024531358,0.008014866,0.001528737,-0.013001142,0.022551584
3/13/2015,-0.012294768,-0.01157321,-0.02731447,-0.036608418,0.015537403,-0.03215573,-0.020017043,0.010876784
3/20/2015,0.035627474,0.034143792,0.019731213,0.016890331,0.033459601,0.022926564,0.02625171,-0.007330737
3/27/2015,-0.02219885,-0.025726539,-0.029550055,-0.020824946,-0.013063359,-0.001533332,-0.021216464,0.008600579
4/6/2015,-0.02645924,-0.036810136,0.001941144,0.029042289,-0.018697476,-0.000706103,-0.018380619,-0.03169821
4/13/2015,-0.018849662,-0.000869995,0.008751999,-0.011183918,0.014556897,-0.016823557,-0.012884626,0.025873044
4/20/2015,0.014231363,0.008868065,0.014576316,0.006781904,0.000642261,0.016545208,0.007975624,0.000996008
4/27/2015,-0.03817771,-0.021052707,0.006969292,0.005778051,-0.056555282,0.022117776,-0.014145994,-0.042871294
5/4/2015,-0.011279282,-0.017182085,0.042251507,0.010460845,-0.003041363,0.005052781,-0.012192647,-0.022996146
5/11/2015,-0.014820447,0.005236487,-0.018244321,-0.016551279,-0.00121279,-0.010761623,-0.01452464,0.005617915
5/18/2015,0.010388306,-0.005773541,0.010427339,0.006197632,0.000605628,0.019978293,-0.008404138,0.018204645
5/26/2015,-0.004411935,-0.007597335,-0.000745595,0.00486194,-0.013333204,-0.005249155,-0.003361528,-0.011188954
6/2/2015,-0.01757036,-0.007305023,0.02115316,0.02209244,-0.038392195,0.00449298,-0.012546786,-0.043945866
6/9/2015,-0.017713767,-0.03317223,-0.024653831,-0.017729772,-0.013864845,-0.011588088,-0.021720412,-0.006662622
6/16/2015,-0.020184201,-0.021619836,0.014406495,-0.03206062,-0.006837744,-0.008646846,-0.022663542,-0.007220189
6/23/2015,0.028530436,0.023689149,0.02245333,0.030753207,0.036785484,0.030427177,0.044001769,0.024790931
6/30/2015,0.028074804,0.010676142,-0.000770608,-0.012755918,0.045240811,-0.002739324,0.022654475,0.034303423
7/8/2015,-0.057465823,-0.04692601,-0.048367075,-0.015558868,-0.088000111,-0.008942325,-0.043614729,-0.067237724
7/15/2015,-0.012863257,-0.007965173,-0.004554952,-0.006149234,-0.043551826,0.007755301,-0.001361875,-0.047548379
7/22/2015,0.016267078,0,-0.009799549,0.002279245,0.015717978,-0.01873264,0.030058853,0.012198835
7/29/2015,0.00304643,0.024481052,0.094727614,-0.003322457,0.015969218,-0.001582819,0.005511366,-0.017817314
8/5/2015,0.021678939,-0.004764852,-0.017759959,-0.034457722,0.01958596,-0.032826703,0.022216816,0.043244939
8/12/2015,-0.005354142,0.005374561,-0.0007862,-0.004301331,0.003424663,-0.005650533,0.000895166,0.022156379
8/19/2015,0.06937877,0.059758588,0.098334818,0.088346617,0.080183224,0.044363934,0.082358844,0.101510633
8/26/2015,0.005404631,0.001014103,-0.01453565,0.003933069,0.009898435,-0.00771685,-0.004045733,0.011432416
9/2/2015,-0.001438462,0.010154533,0.004488179,0.031260209,-0.011987485,0.03622216,-0.00758806,-0.040816389
9/10/2015,0.000159593,-0.003606828,-0.022889039,-0.036231884,0.011222187,0.005995166,-0.002904363,0.026797326
9/17/2015,0.038786915,0.02618512,0.006780934,0.03321929,0.019546001,0.015515034,0.051166338,0.063801165
9/24/2015,-0.019926915,-0.000351449,0.010582105,-0.003975993,0,-0.036598518,0.00503091,-0.024031332
10/1/2015,-0.018858591,-0.023190565,-0.054338451,-0.081353166,-0.012861768,-0.025756651,-0.028689812,0.007705667
10/8/2015,0.003862907,-0.016311786,-0.007689952,0.009626405,-0.02793648,0.003919597,-0.021483377,-0.009530511
10/15/2015,-0.021005046,-0.026355801,0.00064956,-0.050924683,0.001853181,-0.067265325,0.007569243,-0.029720412
10/22/2015,-0.031967035,-0.045102712,-0.020146191,-0.02503261,-0.057549638,0.012904653,-0.034484867,-0.052631674
10/29/2015,-0.018862342,0.023468149,-0.012103972,0.010690633,-0.012873109,-0.010154948,-0.011217046,-0.020331004
11/5/2015,0.006622499,0.042258003,0.015735621,0.034896321,-0.003466551,0.027617152,-0.003905899,-0.038644234
11/12/2015,-0.025151488,-0.043785612,-0.013109484,-0.023420651,-0.018422094,-0.023767169,-0.001348425,-0.007624268
11/19/2015,0.007242264,-0.027428206,0.003614384,-0.000501771,0.011871138,0.000928546,0.013262065,-0.021186407
11/27/2015,-0.010719127,-0.009318703,-0.026257123,0.021368314,-0.021173698,0.011153897,-0.000895724,-0.022821497
12/4/2015,0.056267416,0.070792459,0.046828913,0.039672125,0.060112354,0.003407395,0.070687985,0.079396958
12/11/2015,-0.005150537,-0.002354571,0.00227755,-0.015130431,-0.001793308,-0.010422216,0.006060123,-0.004406405
12/18/2015,-0.030745272,-0.033557161,-0.021359803,-0.039852014,-0.022076278,-0.026644798,-0.034930668,-0.037605915
12/28/2015,0.033481001,0.015584415,0.033684507,-0.002439979,0.040864,-0.000688835,0.041460545,0.037148947
1/5/2016,0.07484712,0.044195322,0.031058965,0.041882385,0.0681679,0.03534543,0.048135841,0.082810422
1/12/2016,0.058514239,0.050206911,0.011253266,0.058001576,0.105813381,0.069473995,0.072173914,0.135772997
1/20/2016,-0.027562783,0.009264269,-0.007242681,-0.039438408,0.024105168,-0.063538479,0.000195266,0.0007915
1/27/2016,-0.006486551,0.004217256,-0.021058075,0.021835549,0.024700337,-0.043034208,0.006765779,0.034455492
2/3/2016,0.032921086,0.034247909,-0.056002893,0.051386974,0.080583503,0.056932227,0.035695651,0.066509299
2/10/2016,-0.041246403,0.010104879,-0.020958952,-0.019338214,-0.02170293,-0.051203731,-0.003396157,-0.064317175
2/18/2016,0.013838444,0.010593205,-0.006906575,-0.021942849,-0.006535832,-0.008370082,-0.003519777,0.002897128
2/25/2016,-0.051745303,-0.017520031,-0.013972932,-0.065757168,-0.099948913,-0.013258143,-0.052309909,-0.125363182
3/3/2016,0.022514972,0.007811472,0.016077162,0.006190815,0.017037104,0.032881903,0.027747384,0.017336687
3/10/2016,-0.002388611,-0.031819913,-0.045751465,-0.074332134,-0.009796622,-0.022134105,-0.01251494,-0.03866349
3/17/2016,-0.012425618,0.003760947,0.01502949,0.013759326,-0.020895419,0.00465226,-0.000588287,-0.015178866
3/24/2016,-0.006556839,-0.036051464,-0.030820249,-0.041355157,0.008771718,-0.01787807,-0.044575288,-0.010323967
4/1/2016,0.028436935,0.031517653,0.020372165,-0.016516354,0.050147624,-0.01079104,0.059692161,0.062367915
4/8/2016,-0.071527626,-0.033672075,0.0035908,-0.000661921,-0.086956427,0.008745203,-0.054831191,-0.072153402
4/15/2016,-0.033942172,-0.022565698,0.012912966,0.015031031,-0.079285728,-0.005384958,-0.05191741,-0.041710514
4/22/2016,0.012036915,0.006584723,0.010495834,-0.006622439,0.036399571,0.00991443,0.01583178,0.044078177
4/29/2016,0.025316631,0.013973519,-0.031514232,-0.01611383,0.030906657,-0.016804766,0.032051805,0.03871864
5/6/2016,0.006493366,-0.011264713,-0.004172828,0.008163816,0.01630056,-0.017092958,0.022096315,-0.010581251
5/13/2016,-0.037745007,-0.02353556,0.003413472,0.015988514,-0.046109639,-0.000779052,0.005342863,-0.069378779
5/20/2016,-0.030231677,-0.023696745,-0.007892923,-0.019709611,-0.024793232,-0.00978666,-0.036721809,-0.040421273
5/27/2016,0.002292744,0.017661152,-0.004021345,-0.010748746,0.020883367,-0.024669451,0.01548297,0.027097691
6/6/2016,0.030790334,0.045076633,0.010943612,-0.016138,0.063360848,-0.015692056,0.053673955,0.055704679
6/13/2016,0.014224809,0.012316131,0.004635308,0.00898125,0.00441198,-0.00857791,0.005920468,-0.018123782
6/20/2016,0.076318735,0.091941153,0.007661055,-0.01368473,0.100442931,-0.029340227,0.055770005,0.160558428
6/27/2016,-0.041721487,-0.049600198,-0.049197609,-0.045366978,-0.045976936,-0.055361129,-0.035409518,-0.012058006
7/5/2016,-0.061293019,-0.051747845,-0.004184467,-0.019941766,-0.062794189,0.023498427,-0.086327471,-0.09942478
7/12/2016,-0.010443061,-0.011139927,0.006896725,-0.010938966,-0.053176005,0.004892942,-0.028613517,-0.026905983
7/19/2016,-0.00422777,-0.004223343,0.001157574,0.003408021,-0.01893414,0.029299379,0.001548804,-0.042576465
7/26/2016,0.007484614,0.010056783,0.013470257,0.001966301,0.027529287,-0.001240146,0.031645738,0.025130992
8/2/2016,-0.03487819,-0.094754407,-0.018499427,0.007024187,-0.075017505,0.010736956,-0.047289702,-0.077336369
8/9/2016,0.002428928,-0.000674808,0.006054626,0.015527874,0.001316626,0.010644846,-0.013521468,-0.003997137
8/16/2016,-0.000913091,0.004889384,0.008556994,-0.009638935,-0.011865539,0.011497997,-0.002596189,-0.009290183
8/23/2016,-0.026303748,-0.010504818,-0.016760487,0.017358018,-0.054723218,-0.005122196,-0.023797327,-0.039118776
8/30/2016,0.005036939,0.004527296,-0.003903167,-0.03188483,0.025752543,-0.049474444,-0.001771378,0.026573884
9/7/2016,0.011316443,0.016392237,0.029521805,0.072412971,0.004458572,0.066474937,0.020687209,0.018199567
9/14/2016,-0.006626638,-0.000172025,-0.018845593,-0.015963762,-0.001279651,-0.022431285,-0.005236191,-0.030453482
9/21/2016,0.001945134,-0.024272865,-0.006408573,-0.028001253,0.017252495,-0.00995299,0.021433691,0.002248616
9/28/2016,-0.022066867,-0.006722506,0.018668714,0.046079891,-0.0474643,0.056267913,-0.018048484,-0.049903542
10/5/2016,-0.006500092,-0.009015149,-0.018139069,-0.038160612,0.004965896,-0.026835741,-0.017427926,0.026985539
10/12/2016,-0.003229114,-0.004467174,-0.005648457,-0.033889327,-0.027448501,-0.002842955,-0.030773842,-0.025527759
10/19/2016,-0.011412004,-0.006588576,0.021460285,-0.003034968,-0.024286824,-0.008941233,-0.01466969,0.011985229
10/26/2016,0.006509484,0.009163673,0.008831363,0.023860836,0.023118006,0.050037675,0.002767549,0.033903639
11/2/2016,-0.066540332,-0.006275807,-0.012325487,0.03268092,-0.090412512,0.024687068,-0.090893926,-0.087668042
11/9/2016,-0.056655445,-0.052026855,-0.037406537,0.034700619,-0.099053967,0.00746553,-0.070757263,-0.090963338
11/16/2016,-0.018862834,-0.003588203,-0.023755618,-0.012804672,-0.041012678,0.010929277,-0.029331989,-0.065667524
11/23/2016,-0.037154575,0.003419875,0.023864389,0.054317257,-0.049599571,0.031250181,-0.070757212,-0.012784251
12/1/2016,-0.040713859,-0.031814187,-0.018763343,-0.013963182,-0.067441856,-0.042561207,-0.0653929,0.004796729
12/8/2016,-0.010338324,-0.005621597,-0.026091965,-0.035843242,-0.00915027,-0.021502988,-0.006419615,0
12/15/2016,-0.010349041,-0.000604252,-0.012781958,-0.00509149,0.026770069,-0.014436821,0.011851832,-0.008878931
12/22/2016,0.00690533,0.013891091,0.004833298,0.003206913,0.01952099,0.004131422,0.002790141,0.007543522
12/30/2016,-0.004251367,-0.01638346,0.013896625,0.006245276,-0.02036176,0.011985589,-0.014366028,-0.041804051
1/9/2017,0.030517511,0.004820703,-0.010398151,-0.001428229,0.022172875,-0.01901311,0.029437189,0.019212029
1/17/2017,-0.014003541,0.008477277,-0.008395514,0.005705164,-0.040816449,-0.003433965,0.008738471,-0.036448962
1/24/2017,0.001062453,0.018930998,-0.009936913,0.010232381,0.013507813,-0.001939339,0.018657978,0.013396985
1/31/2017,-0.024696064,-0.009648021,-0.038691708,0.000289682,-0.011484285,0.00466827,-0.044915565,0.037827404
2/7/2017,-0.032748784,-0.030980127,-0.021505415,-0.031989951,-0.050654898,-0.032372466,-0.04106503,-0.04191923
2/14/2017,-0.016748432,0.04574652,-0.009774137,-0.039707709,-0.030340976,-0.003656724,-0.009099618,-0.008725172
2/22/2017,-0.02789385,-0.012533292,-0.030920743,-0.025400697,-0.031776027,-0.026827003,-0.006517121,-0.032916855
3/1/2017,0.025534263,0.01841255,0.018865905,0.005270437,0.009411822,0.02580373,0.009774089,0.026285389
3/8/2017,-0.005701256,-0.001771708,-0.018365846,-0.018014974,0.003167054,-0.003013664,0.013826721,-0.020545065
3/15/2017,0.045786416,0.031472273,0.015008646,-0.026283622,0.088959463,-0.020017827,0.063659922,0.059925421
3/22/2017,-0.008453978,-0.008654491,-0.000123018,-0.02307517,-0.017872645,-0.030745969,0.011338665,-0.007221269
3/29/2017,0.012297141,0.002428492,-0.000368683,0.003304785,0.007708634,0.008991105,0.003458017,0.023980227
4/5/2017,0.009165832,0.023531392,0.005526991,-0.019516236,0.022442866,-0.029458715,0.008389903,0.027355616
4/12/2017,-0.001756438,0.008309716,0.010127169,-0.015771936,-0.018542913,0.004250835,0.034064131,-0.007291854
4/20/2017,-0.024079431,-0.024803194,-0.022832304,-0.011826074,-0.025140867,0.010620663,-0.03554064,-0.014736045
4/27/2017,0.005821347,-0.024856863,-0.043791065,-0.012880703,-0.00845675,0.002525566,-0.00345426,-0.023184619
5/4/2017,-0.000688853,0.014041815,0.019399311,0.00871329,-0.009224238,0.003798294,0.008076158,0.001513446
5/11/2017,0.036713897,0.006473545,-0.009653331,-0.013462055,0.055255542,-0.044799696,0.042712321,0.042228972
5/18/2017,-0.016555258,-0.028180468,-0.018413464,-0.023988105,-0.022427517,-0.041865168,-0.033974831,-0.028176347
5/25/2017,0.031751667,-0.01774412,-0.008843405,-0.010988394,0.031236899,-0.017610627,0.037946275,0.011672147
6/2/2017,-0.052275127,0.000934034,-0.008076675,0.016680756,-0.054342801,0.024189928,-0.042801516,-0.060077009
6/9/2017,0.0089697,0.00109631,-0.028041594,-0.017810224,0.010139453,-0.000686102,0.00283217,-0.015257833
6/16/2017,-0.007890611,0.012070805,0.019372048,0.00053056,0.026035006,0.013243881,0.0208287,0.007156528
6/23/2017,-0.05226797,0.007933946,-0.004087313,-0.00333647,-0.063102488,-0.003405468,-0.021686296,-0.03219604
6/30/2017,-0.025192615,-0.008797131,-0.00463557,0.008388841,-0.025968739,0.01008183,-0.017755508,-0.01559593
7/10/2017,0.019315495,-0.015538286,0.004051714,-0.031933717,0.034953724,0.02379757,-0.01514372,0.016043984
7/17/2017,0.001203696,-0.007494184,-0.014465064,-0.012333829,0.004579836,-0.024067742,0.048329519,0.022594987
7/24/2017,-0.005696867,-0.014257005,-0.013701649,0.005398793,-0.008783285,-0.014525037,-0.032771146,-0.022402505
7/31/2017,-0.024182814,0.007181139,-0.035604555,-0.012763029,-0.034825662,-0.005667052,-0.033683869,0.000466273
8/7/2017,0.016272966,0.032317482,-0.001909983,-0.01376115,0.021634641,-0.012061348,0.023870958,0.039245541
8/14/2017,0.020110308,0.025286447,0.018004635,-0.009359302,0.042588069,-0.024030477,0.02889691,0.044990399
8/21/2017,-0.010702799,0.010278907,0.022325457,-0.031851693,-0.014542454,-0.021177182,0.001992673,-0.00687569
8/28/2017,0.022816494,0.016650127,0.041980463,-0.007957004,0.012258358,0.000186904,0.008287882,0.019474057
9/5/2017,-0.015417054,-0.025984887,-0.062203804,0.014359478,-0.02745617,0.007661304,-0.037515034,-0.027598498
9/12/2017,-0.033557136,0.022792979,0.007946139,0.026582985,-0.037995584,0.02934588,-0.013100209,-0.030120578
9/19/2017,0.002554715,-0.016473395,0.004498408,0.032344928,0.002011118,0.025352341,-0.004499562,-0.043615894
9/26/2017,-0.038954144,-0.019183013,-0.015099475,-0.006690327,-0.042321645,-0.000803695,-0.050795818,-0.038057513
10/3/2017,-0.003572322,-0.002433916,-0.013355356,-0.003146436,-0.002706973,-0.019467884,-0.004055992,-0.014169987
10/10/2017,-0.005044852,-0.029945034,0.020572375,-0.014880787,-0.010412465,0.002067166,0.026834303,0.037702254
10/17/2017,-0.033804415,-0.023573616,-0.02439566,0.007906259,-0.056488576,-0.026435064,-0.037062146,-0.0414841
10/24/2017,0.003071565,0.007983965,-0.002349365,-0.040860405,0.010476846,-0.029021914,0.009639019,0.007745001
10/31/2017,0.018487258,0.038384088,-0.056680385,-0.048653452,0.007667247,-0.043705567,0.011011167,0.015388126
11/7/2017,0.014987442,0.010783874,-0.007662678,0.007765984,0.034584128,-0.012526905,0.010716751,-0.011794201
11/14/2017,-0.01706592,0.029775464,0.002401291,0.019399233,-0.018673839,0.009278814,-0.003287679,-0.033415376
11/21/2017,-0.048519232,-0.011235991,-0.026432214,0.001978237,-0.057987391,-0.006689897,-0.017219146,-0.050781305
11/29/2017,-0.011568388,0.004477672,-0.006767256,0.030758648,-0.01704523,0.032606899,-0.019017133,-0.043783547
12/6/2017,-0.005527666,0.012393231,-0.006527197,-0.013610337,-0.006983412,-0.020058691,-0.039073068,0.004155175
12/13/2017,-0.005970888,-0.017466494,-0.010646395,0.024629147,-0.022191339,0.022026714,0.001487003,-0.029406037
12/20/2017,-0.01554544,0,-0.004692744,-0.024491385,-0.01085477,-0.017888454,-0.005172984,-0.004439268
12/28/2017,-0.010338592,-0.010833322,0.028977414,0.01679379,-0.017785312,0.016299406,0.00382074,0.000576452
1/5/2018,-0.03996653,-0.005276231,-0.002356015,0.053448128,-0.028354787,0.041284904,-0.005909594,-0.064987578
1/12/2018,-0.014733417,-0.000492112,-0.022720518,-0.046917465,-0.024046117,-0.045669629,-0.017468771,-0.000902535
1/22/2018,-0.016356168,-0.053442523,0.061189231,-0.036555265,-0.010645036,-0.014127464,-0.041908796,0.0250722
1/29/2018,0.063683437,0.056489138,0.030803755,0.015866124,0.062577454,-0.006191314,0.085767712,0.051063742
2/5/2018,-0.02702213,0.016823374,0.045148235,0.040904207,-0.028420378,0.048864262,-0.016257818,0.004911405
2/12/2018,-0.026579639,-0.007213511,-0.032183235,-0.022095252,-0.026028191,-0.032917871,-0.046334339,-0.027483352
2/20/2018,-0.023101729,0.030146634,-0.00384412,-0.010485349,-0.012527546,-0.016487147,-0.011476246,-0.027894451
2/27/2018,0.018745795,0.003434763,0.001178752,0.012935294,0.003078069,0.02383116,0.000935766,-0.017286206
3/6/2018,-0.009465109,0.036015678,-0.031895675,-0.053067474,-0.007785765,-0.036480062,-0.005994292,-0.035629469
3/13/2018,0.013849475,-0.000179734,-0.010164746,-0.000410123,0.011742902,0.015765992,0.019885847,0.012526491
3/20/2018,0.056437598,0.033255319,0.041071936,0.012644234,0.076923092,-0.016533415,0.060526774,0.07932824
3/27/2018,-0.026070137,-0.008181365,-0.033622392,0.00976059,-0.012195024,0.015902979,-0.021677523,-0.004269429
4/4/2018,-0.001720529,0.015861413,0.003418594,0.016730114,-0.000669312,0.037186786,-0.001266781,0.016038691
4/11/2018,0.011751948,-0.020614835,-0.016528083,0.000786103,0.012374523,-0.016498123,-0.004190691,-0.024744704
4/18/2018,-0.006128793,-0.017260459,0.00306777,0.029182599,-0.020657,0.013040557,0.058149567,-0.04637786
4/25/2018,0.018819858,0.01010836,0.035183264,-0.005451993,0.018579958,0.041634923,0.021652785,-0.019230975
5/2/2018,-0.050871116,0.036834473,-0.024984334,-0.010844852,-0.038539447,-0.029458494,-0.032813427,-0.055345875
5/9/2018,0.000617459,-0.016849687,0.008194259,0.010728503,-0.011067852,0.007708081,0.003185354,-0.004263968
5/16/2018,0.0074995,-0.008005884,0.000313825,-0.00263786,0.01996137,0.008058832,0.01307269,-0.000849176
5/23/2018,0.04871537,0.024935249,0.017276507,-0.011254825,0.042094306,-0.019479224,0.046807271,0.056168251
5/31/2018,-0.035417241,-0.020458381,0.002995517,0.001373333,-0.036157044,0.016034588,-0.033513395,-0.030923965
6/7/2018,0.025000064,-0.023265345,0.004291701,-0.001230561,0.019607901,0.002419375,-0.000856651,0.012730838
6/14/2018,0.004813403,0.010036365,0.006142255,-0.029792055,0.007118578,-0.017198892,0.02854695,0.022964233
6/21/2018,0.023997773,0.018801874,0.009541451,-0.01820991,0.021167612,-0.045573822,0.015684206,0.065087771
6/28/2018,0.002902037,-0.021416307,-0.008867207,-0.010744658,0.022322993,-0.03410774,0.007295723,0.020498901
7/6/2018,-0.022102644,0.002390933,-0.007269892,0.017694342,-0.018551488,0.001887327,-0.020830512,0.000592372
7/13/2018,-0.046257874,0.016961679,-0.006355678,0.019898066,-0.055341498,0.00657294,-0.023320653,-0.030225328
7/20/2018,-0.042685233,-0.019504923,-0.01305935,-0.028494217,-0.030866303,0.011510941,-0.025680871,-0.007670144
7/27/2018,-0.009135557,0.013061063,-0.03603124,-0.045781895,-0.014488152,-0.031450524,0.014938663,0.043006668
8/3/2018,0.011614959,0.026654323,-0.005915349,0.011987609,0.010155476,0.019112847,0.019137914,-0.008960361
8/10/2018,0.008295255,-0.006893969,-0.014093018,-0.013339525,0.014427864,-0.031901455,-0.016419247,-0.008293891
8/17/2018,0.000784162,-0.013883528,0.004899067,0.020572774,-0.004879692,0.012559221,-0.007412822,0.006876367
8/24/2018,0.000871958,0.002626181,-0.015091725,-0.007159233,-0.001294939,-0.014230965,-0.014833631,-0.004747859
8/31/2018,0.007592985,0.008463358,0.027045883,0.012003677,-0.001260379,0.012277445,0.024809719,0.003347168
9/10/2018,-0.001143245,-0.017181462,-0.025344898,-0.002850814,0.017521064,-0.010072284,0.017334338,0.005926449
9/17/2018,-0.025298583,-0.025328378,-0.000498352,0.009272381,-0.015191504,0.021916373,-0.021984254,-0.024642186
9/24/2018,0.027587286,0.028728302,0.018429996,0.010624549,0.035458716,-0.001632825,0.032503228,0.03898366
10/1/2018,-0.023150373,-0.018274262,-0.015832795,-0.012219579,-0.020910648,0.001268062,-8.87E-05,-0.042784988
10/8/2018,0.077870368,0.092506836,0.072934382,0.020988952,0.077634696,0.043166598,0.044952212,0.077994889
10/15/2018,-0.000188159,0.083384437,-0.042569269,-0.045680657,0.019340911,-0.002558839,-0.029644082,0.042821177
10/22/2018,0.014197151,0.112321868,0.033078352,-0.023919558,0.028122723,-0.002552547,0.032084823,0.041666728
10/29/2018,-0.040438773,-0.105737761,0.033675445,-0.018845674,-0.054490771,-0.04695892,-0.066343267,-0.081922269
11/5/2018,0.001283335,0.037616125,-0.012943816,-0.034232583,0.011047694,0.011708437,0.09911669,0.008980878
11/12/2018,-0.017255585,-0.019543214,0.033966731,-0.032292128,0,-0.023147565,0.038000507,0.016263605
11/19/2018,0.010015328,-0.003002316,0.010740547,0.024965428,0.000360339,0.015943651,0.023055176,0.013922009
11/27/2018,0.022694131,0.061247948,0.007450524,-0.008637724,0.027036817,-0.040912317,0.044377083,0.051180356
12/4/2018,0.057912943,0.06783883,0.046296266,-0.007156827,0.086438227,-0.004173974,0.041289183,0.026272942
12/12/2018,0.036923355,-0.044055252,0.017233004,0.0128151,0.013866098,0.035809498,0.042161873,0.051575868
12/19/2018,0.002569594,0.000254278,-0.010002367,0.01887387,-0.007857617,0.021585357,0.02268829,-0.033736046
12/27/2018,-0.046039905,-0.021612049,-0.010759325,0.001828579,-0.049651199,-0.001761183,-0.058279429,-0.033609372
1/4/2019,0.007746625,-0.036834336,-0.00943499,-0.019518699,-0.017591974,0.006384605,-0.010739759,-0.032516416
1/11/2019,-0.046842144,-0.060009507,-0.026962225,-0.020260251,-0.125624209,-0.002141854,-0.144746399,-0.094933938
1/18/2019,0.006788387,0.0303442,-0.009218299,-0.020525822,-0.011262741,-0.062912216,0.013923022,0.009587226
1/28/2019,-0.003561704,-0.027557214,-0.026708393,-0.017197263,0.025312139,-0.028501552,0.010014175,0.006734166
2/4/2019,0.032326038,0.021590924,-0.042004504,-0.011992426,0.016274291,-0.006800466,0.032318314,0.052118504
2/11/2019,-0.04262484,0.001393562,-0.022587205,-0.026649087,-0.025343312,-0.014437641,-0.038363005,-0.055767045
2/19/2019,-0.001045826,-0.020237193,0.005601424,0.020157702,-0.005492547,0.016479316,-0.001157613,0.010624746
2/26/2019,0.011207246,0.015731916,-0.004380818,-0.040455118,0.002100722,-0.011931894,0.010600594,0.014604906
3/5/2019,0.000672245,0.002779762,-0.000744673,-0.025903009,0.004814258,-0.035708278,-0.003214266,0.041194279
3/12/2019,-0.026528268,-0.026315348,-0.001488249,-0.022395702,-0.024533449,-0.014947378,-0.022834771,-0.03978173
3/19/2019,0.064419468,0.018467936,0.001167538,-0.027065483,0.082293461,-0.007786758,0.051859542,0.069741963
3/26/2019,-0.052241788,-0.011614503,-0.00754516,-0.000358816,-0.061007105,-0.022542535,-0.035712334,-0.043008076
4/2/2019,-0.005064163,-0.024799028,0.00474636,-0.008200127,-0.000692607,-0.0113734,-0.015797408,-0.001577357
4/9/2019,-0.059406874,-0.047277594,-0.040589213,0.018486333,-0.034267965,0.040206354,-0.006081203,-0.027221624
4/16/2019,-0.022052248,0.021394981,0.018128062,-0.005359022,-0.004685362,0.011957302,0.006440691,0.012921693
4/24/2019,-0.014178782,-0.024704772,-0.016491953,0.001656074,-0.007994738,-0.010802386,-0.02089358,-0.010872003
5/1/2019,0.02214312,-0.065927147,0.027346859,0.006583433,0.015201664,0.005946089,0.018463392,-0.000439068
5/8/2019,0.024065331,-0.037830232,-0.001783511,-0.04607606,0.050671032,-0.028534461,0.022642466,0.058655291
5/15/2019,-0.008371223,-0.013693358,-0.016755609,-0.000997537,-0.007069623,0.004794098,0.00448056,-0.019419673
5/22/2019,0.033928873,0.011796079,0.007201191,-0.020032862,0.046683107,-0.008370858,0.037364505,0.023410502
5/30/2019,-0.030917288,-0.030997344,-0.037647358,-0.039132467,-0.032056322,-0.057639582,-0.013022422,-0.032432392
6/6/2019,0.007520244,0.000496613,-0.016080317,0.017348459,-0.002152132,0.010269349,-0.008640186,0.03573863
6/13/2019,-0.005934003,-0.019736892,-0.024233513,-0.045207345,-0.01181103,-0.03296864,-0.022198982,0.055004859
6/20/2019,0.012251641,0.022119903,0.032931073,0.053650216,0.002122514,0.047107882,-0.018497771,-0.004246996
6/27/2019,-0.050105409,-0.029406277,-0.043439157,-0.015496642,-0.037220955,-0.02881897,-0.043046344,-0.016417828
7/5/2019,-0.0159485,-0.030397368,0.005550645,0.000287008,-0.006493516,0.012739196,-0.029052429,0.017865906
7/12/2019,0.015264464,0.005864585,0.024059236,0.016365229,0.001697804,0.053124179,0.001963181,-0.064540287
7/19/2019,-0.023603995,-0.023775456,-0.014988592,0.004718796,-0.046598642,-0.040643908,-0.040370935,-0.031132908
7/26/2019,0.028308359,0.051335772,-0.015350331,-0.053179533,0.045173944,-0.035610458,0.057486319,0.074914824
8/2/2019,0.028247716,-0.035523603,0.004018883,-0.031373213,0.035738564,-0.044442796,0.011797348,0.091103158
8/9/2019,0.018407026,0.034660435,0.008358138,-0.003149929,0.045887668,-0.011894596,0.036152602,-0.007322901
8/16/2019,0.015781751,0.033511336,0.012013132,-0.016328019,0.02071786,-0.023929446,0.016146927,0.015077869
8/23/2019,-0.036219726,0.008572988,-0.008946417,-0.015977428,-0.0392898,0.007995067,-0.045819386,-0.046199993
8/30/2019,-0.050427765,-0.064757739,-0.033206307,0.026890855,-0.047571759,0.011641561,-0.039576263,-0.07394817
9/9/2019,-0.03258231,-0.022132225,-0.00557702,0.032276739,-0.052392616,0.030607083,-0.02471931,-0.060827335
9/16/2019,0.002349839,-0.017400631,-0.01908265,-0.039719416,0.020245562,-0.02522457,0.017309588,0.02339449
9/23/2019,0.010010038,0.027923211,-0.002490454,0.01464111,0.011856419,0.01718046,0.029185883,0.017613817
9/30/2019,0.020424974,0.03716335,0.011225564,-0.018767251,0.029482335,0.011294163,0.032958522,0.152522087
10/7/2019,-0.018186538,-0.010814736,-0.007165481,-0.001597903,-0.029318249,0.009531298,-0.027045981,-0.064033768
10/14/2019,-0.060970441,-0.006271941,-0.00831561,-0.016663696,-0.064516204,-0.053037529,-0.016664989,-0.084305407
10/21/2019,-0.023957874,0.036663556,0.023183353,0.081298949,-0.026434501,0.027555114,-0.04062123,-0.014180889
10/28/2019,-0.018259434,-0.045290158,0.00103187,-0.001518436,-0.017588099,0.035150505,-0.009735952,-0.041947956
11/4/2019,-0.008538972,-0.00855645,-0.027138653,0.017624559,-0.024073847,0.025204447,0.003820443,-0.004194075
11/11/2019,-0.005388021,0.022563241,-0.019473434,-0.033662878,0.006630374,-0.036839278,-0.003195927,-0.021975479
11/18/2019,-0.006660543,0.015512486,0.007802087,0.021555471,-0.015473337,0.033470711,-0.013744136,-0.116115894
11/25/2019,0.013004847,0.040142549,0.00643476,-0.007152708,0.018822991,-0.021006088,0.041810692,0.013181989
12/3/2019,-0.03636927,0.001758778,-0.011878622,0.005728897,-0.026585232,0.001118059,-0.045420299,-0.010891954
12/10/2019,-0.027360534,-0.020291544,0.008036846,-0.009190385,-0.045034323,-0.002594476,-0.041779288,-0.006098803
12/17/2019,0.004342057,0.016412532,-0.012016384,-0.071485979,-0.005136993,-0.051746143,0.005364433,0.015760798
12/24/2019,-0.025512394,-0.016097411,-0.014842178,-0.012944409,-0.011925011,-0.011710974,-0.019181392,0.009854214
1/2/2020,0.019616296,-0.010046334,-0.00850906,0.008884054,0.017115617,0.010093116,-0.035336333,0.002488108
1/9/2020,0.001382444,-0.001530285,-0.020829699,-0.025478017,0.008849514,-0.035507949,-0.02934868,-0.018499268
1/16/2020,0.029872479,0.024828125,-0.018338373,-0.022735067,0.03398619,-0.032155892,0.031234965,0.037755089
1/24/2020,0.005933157,0.015667915,-0.002198151,0.024334781,0.021168742,0.000400213,0.017237143,0.033934251
1/31/2020,-0.03634026,-0.063668943,-0.04968791,-0.03024941,-0.054218723,-0.004337946,-0.00105156,-0.038638892
2/7/2020,-0.002114279,0.093153748,-0.009161773,-0.073298451,-0.006934344,-0.102863937,0.003865567,-0.002083312
2/14/2020,0.038556713,0.057343177,0.04005732,0.043473186,0.060832065,-0.002349852,0.052893526,0.072623321
2/24/2020,0.080508523,0.062363321,0.060674978,0.017787918,0.102658149,0.060831907,0.061411079,0.041552521
3/2/2020,0.231073049,0.234305603,0.151415615,0.036926257,0.248555345,0.038146439,0.175013142,0.278942307
3/9/2020,0.054366455,0.282429488,0.111180817,0.125549946,0.067943411,0.089115644,0.105028611,-0.009580375
3/16/2020,0.105590788,0.169892516,0.138267823,0.11669544,0.115459926,0.138713025,0.127311538,0.067408347
3/23/2020,-0.183095129,-0.33212437,-0.29236645,-0.287509155,-0.219026604,-0.265686393,-0.182633132,-0.204561498
3/30/2020,0.03326619,0.162971574,0.011834341,-0.019949596,0.029491922,-0.004660286,0.008708176,-0.050975758
4/6/2020,-0.06751622,-0.197955437,-0.095380724,-0.089232624,-0.109396966,-0.114487388,-0.126398284,-0.003603073
4/14/2020,0.067539236,0.136927885,0.022940316,0.051352433,0.08807421,0.036856081,0.024799406,0.007456555
4/21/2020,-0.070072968,-0.13617982,-0.017484265,-0.00632231,-0.103974127,-0.00995802,-0.075944981,-0.031719612
