12/31/1987,EQ-DE,EQ-EM,BO-CO,NAREIT,Gold,Risk Free
1/29/1988,0.022595921,0.09419,0.032971884,0.082345423,-0.072403774,0.0029
2/29/1988,0.056254239,0.002403604,0.002480413,0.02410361,0.003467096,0.0046
3/31/1988,0.028464906,0.099934356,-0.009626828,0.001998517,0.017900654,0.0044
4/29/1988,0.010892996,0.046608589,-0.009099518,0.008231915,-0.00106272,0.0046
5/31/1988,-0.021686558,0.026539211,0.014795373,-0.011461159,0.000585984,0.0051
6/30/1988,-0.003092176,0.031577648,0.003090542,0.02589899,-0.030361801,0.0049
7/29/1988,0.017088814,-0.028337447,0.004445726,0.012646909,-0.014512989,0.0051
8/31/1988,-0.056618802,-0.030803334,0.022931694,-0.006356942,-0.04132545,0.0059
9/30/1988,0.040634781,0.062079591,0.01477436,-0.003426723,-0.016141056,0.0062
10/31/1988,0.064787255,-0.008935515,0.001547431,-0.007430384,0.032910168,0.0061
11/30/1988,0.033104316,-0.005884971,0.002651011,-0.016007462,-0.002667883,0.0057
12/30/1988,0.00738996,0.023603342,0.006027816,0.001210106,-0.035874087,0.0063
1/31/1989,0.034551037,-0.016386028,0.004337637,0.004579862,-0.040856936,0.0055
2/28/1989,-0.007872753,0.074347397,0.000241625,-0.01653384,0.006819223,0.0061
3/31/1989,-0.008035721,0.094496366,0.011686242,-0.000283515,-0.014737921,0.0067
4/28/1989,0.021420086,0.181099031,0.019483297,0.016737473,-0.034741836,0.0067
5/31/1989,-0.026111021,0.009954299,0.040654632,0.023779124,-0.009291349,0.0079
6/30/1989,-0.012930268,-0.122482212,0.017698072,0.008725985,0.020240517,0.0071
7/31/1989,0.111285324,0.062516459,0.001884033,0.023772558,-0.026383756,0.007
8/31/1989,-0.025723882,0.020237128,0.003415803,0.000970588,-0.009305784,0.0074
9/29/1989,0.026631039,0.124166685,0.013483346,-0.011820177,0.014205723,0.0065
10/31/1989,-0.034917012,0.011684474,0.007379116,-0.041310561,0.074621041,0.0068
11/30/1989,0.038275626,-0.048021182,0.006701434,-0.013546625,0.038360164,0.0069
12/29/1989,0.030534323,0.120319349,-0.006551321,-0.011385134,0.001768009,0.0061
1/31/1990,-0.048285149,0.030615097,-0.005083585,-0.022296058,0.016339333,0.0057
2/28/1990,-0.044556473,0.038351162,0.002390795,-0.034298289,-0.05698258,0.0057
3/30/1990,-0.06216102,-0.138872809,-0.000184245,0.00165726,-0.047873172,0.0064
4/30/1990,-0.016320187,0.064725802,0.007832606,-0.015335504,-0.013867291,0.0069
5/31/1990,0.10333416,0.080448694,0.021948359,-0.000336388,-0.045309093,0.0068
6/29/1990,-0.008937328,0.033127859,0.008081945,0.007631447,0.028946061,0.0063
7/31/1990,0.007244316,0.085343812,-0.004103489,-0.017991932,0.088814078,0.0068
8/31/1990,-0.095480924,-0.130366638,-0.000380186,-0.061051584,-0.013692423,0.0066
9/28/1990,-0.107531916,-0.129999099,0.009185952,-0.069322685,-0.022046939,0.006
10/31/1990,0.090973543,-0.019887305,0.015938886,-0.035019662,0.002589357,0.0068
11/30/1990,-0.018607573,-0.054373098,0.019925735,0.063690606,-0.01251671,0.0057
12/31/1990,0.018710959,0.034667352,0.007673967,0.000381579,0.017752035,0.006
1/31/1991,0.034364187,0.081172163,0.021078181,0.087621729,-0.05163358,0.0052
2/28/1991,0.090465388,0.147033848,0.000804542,0.0492,-0.001360526,0.0048
3/29/1991,-0.0313308,0.037482526,0.017777701,0.076221213,-0.013641484,0.0044
4/30/1991,0.00590762,0.003018041,0.009914707,0.023765786,-0.003999495,0.0053
5/31/1991,0.020741538,0.075391395,-0.001416391,0.023589193,0.027377482,0.0047
6/28/1991,-0.063577228,-0.037751782,0.009525158,-0.02590628,0.002637678,0.0042
7/31/1991,0.045232919,0.049509235,0.0277186,0.019281898,-0.030950481,0.0049
8/30/1991,-0.005090997,0.018330771,0.017190974,0.000608445,-0.021236502,0.0046
9/30/1991,0.024266309,-0.039456457,0.012024156,0.019299176,0.028528175,0.0046
10/31/1991,0.01430198,0.039859911,0.013345476,-0.00616739,0.004125353,0.0042
11/29/1991,-0.045481446,-0.015851067,0.020360731,0.0002268,0.004326701,0.0039
12/31/1991,0.070740849,0.111724467,0.009454166,0.047312398,-0.020118247,0.0038
1/31/1992,-0.020389866,0.115424036,-0.003855825,0.0495098,-0.001510032,0.0034
2/28/1992,-0.019155379,0.042954708,-0.000627416,-0.02321553,-0.027057921,0.0028
3/31/1992,-0.049039467,0.031604294,0.01288388,-0.01487218,-0.016608364,0.0034
4/30/1992,0.011891426,-0.011930695,0.012210766,0.002233,-0.004069566,0.0032
5/29/1992,0.037721746,-0.005933713,0.013760564,0.0322,0.010571336,0.0028
6/30/1992,-0.035511471,-0.102518081,0.027346111,-0.01211474,0.034961446,0.0032
7/31/1992,0.000446083,0.009364393,0.016401678,0.033834,-0.027393052,0.0031
8/31/1992,0.022177163,-0.048446722,0.012119524,-0.008649259,0.006914425,0.0026
9/30/1992,-0.011219078,0.002143539,-0.00593267,0.023857,-0.003039694,0.0026
10/30/1992,-0.029082569,0.052912752,-0.006264887,-0.0032704,-0.027187674,0.0023
11/30/1992,0.015890737,-0.011542846,0.010872944,0.01945427,-0.000638879,0.0023
12/31/1992,0.006109938,0.028994789,0.015660966,0.019338,-0.017301631,0.0028
1/29/1993,0.001410088,0.004000902,0.02124273,0.0636776,0.000911826,0.0023
2/26/1993,0.02177437,0.015939833,0.019435009,0.047126,0.002332941,0.0022
3/31/1993,0.056081215,0.031335901,0.007161833,0.0694426,0.036572354,0.0025
4/30/1993,0.044519732,0.017588554,0.002949658,-0.044076,0.073151972,0.0024
5/31/1993,0.021300408,0.024537111,0.010073169,-0.012213,0.012832876,0.0022
6/30/1993,-0.010080828,0.027287677,0.0148011,0.0293464,0.054579789,0.0025
7/30/1993,0.018910929,0.023707862,0.015278667,0.016892,-0.034041122,0.0024
8/31/1993,0.044180209,0.083222522,0.020972732,0.0239863,-0.062198326,0.0025
9/30/1993,-0.020080987,0.035604636,0.005139073,0.0456187,0.025061069,0.0026
10/29/1993,0.025930109,0.089106165,-0.013199562,-0.0125951,0.026494423,0.0022
11/30/1993,-0.058150343,0.043706636,0.004942086,-0.0473038,0.025332811,0.0025
12/31/1993,0.047259085,0.16445475,0.008218644,-0.000266,0.009333828,0.0023
1/31/1994,0.064347966,0.01767703,-0.004883456,0.02990404,-0.012833603,0.0025
2/28/1994,-0.014470776,-0.018399353,-0.021767837,0.0344283,0.005808334,0.0021
3/31/1994,-0.044685325,-0.092000616,-0.021062991,-0.040257,-0.017851351,0.0027
4/29/1994,0.029282836,-0.022190834,-0.006127991,0.0162169,0.010977379,0.0027
5/31/1994,0.000983316,0.031995066,0.009845752,0.02033351,0.011092143,0.0031
6/30/1994,-0.004389017,-0.029331929,-0.002370623,-0.021708382,-0.000395976,0.0031
7/29/1994,0.017392887,0.061665762,0.009410151,-0.00252969,-0.013323107,0.0028
8/31/1994,0.02850962,0.122986895,-0.00533661,0.005538465,0.029499988,0.0037
9/30/1994,-0.027856053,0.010484933,-0.007865986,-0.020312,-0.004605941,0.0037
10/31/1994,0.026787854,-0.019363019,-0.004918711,-0.03709946,-0.013810125,0.0038
11/30/1994,-0.044966307,-0.05319303,0.012241104,-0.0324909,-0.013274392,0.0037
12/30/1994,0.008007483,-0.081002621,0.008127325,0.061726031,-0.001940781,0.0044
1/31/1995,-0.016694418,-0.107071367,0.022956327,-0.0148408,-0.005045569,0.0042
2/28/1995,0.012841485,-0.026668971,0.021386735,0.03245976,0.014548548,0.004
3/31/1995,0.046422995,0.003961626,0.015394806,-0.00596913,0.023319901,0.0046
4/28/1995,0.033146986,0.043008076,0.031126366,0.00226784,-0.01486203,0.0044
5/31/1995,0.00689445,0.050561246,0.028904628,0.045019313,0.006074578,0.0054
6/30/1995,-0.001965302,0.000910917,-1.15E-05,0.017742159,-0.003420788,0.0047
7/31/1995,0.048362734,0.020991423,-0.004660333,0.015622876,-0.006676762,0.0045
8/31/1995,-0.023842539,-0.024927381,0.021878829,0.01488181,-0.001563343,0.0047
9/29/1995,0.027505376,-0.006126393,0.015049452,0.018298919,0.000213029,0.0043
10/31/1995,-0.017324598,-0.039236202,0.011162145,-0.01839856,0.005664966,0.0047
11/30/1995,0.033118663,-0.018781271,0.017729019,0.010031093,0.005547007,0.0042
12/29/1995,0.02767075,0.042482203,0.008776856,0.0548709,0.030993257,0.0049
1/31/1996,0.016575421,0.070139996,-0.002530058,0.0191509,0.013292281,0.0043
2/29/1996,0.004562925,-0.017530412,-0.019780387,0.0077063,-0.021135294,0.0039
3/29/1996,0.015105547,0.005967795,-0.007361035,-0.00143573,-0.008479511,0.0039
4/30/1996,0.021998623,0.036442132,-0.002529639,0.003247097,-0.002327027,0.0046
5/31/1996,-0.000632448,-0.006909962,-0.001074676,0.027141555,-0.016994812,0.0042
6/28/1996,0.003556558,0.004108291,0.008903983,0.013777375,-0.00466835,0.004
7/31/1996,-0.036850713,-0.070191861,0.01837208,0.008612751,0.010107824,0.0045
8/30/1996,0.009915484,0.024169729,-0.004599188,0.0406875,-0.010879788,0.0041
9/30/1996,0.037599058,0.007301963,0.023967266,0.0173874,-0.005404082,0.0044
10/31/1996,0.00547981,-0.027431463,0.025400251,0.032086969,-0.008437447,0.0042
11/29/1996,0.054534822,0.0155659,0.000126557,0.0454969,-0.023429344,0.0041
12/31/1996,-0.017446992,0.003385239,-0.008455628,0.099643,-0.037649814,0.0046
1/31/1997,0.010629454,0.067392377,0.015221822,0.011135668,-0.023998694,0.0045
2/28/1997,0.010081029,0.042178142,-0.009958515,0.00085836,0.015076915,0.0039
3/31/1997,-0.021209878,-0.028783129,-0.004862094,-0.00925172,-0.020849923,0.0043
4/30/1997,0.031235436,-0.001760563,0.016842313,-0.0227936,-0.001836799,0.0043
5/30/1997,0.060291193,0.02591191,0.018065048,0.032,-0.008965964,0.0049
6/30/1997,0.048538121,0.051444651,0.023157377,0.04799877,-0.048869981,0.0037
7/31/1997,0.044798275,0.01298263,0.000491491,0.029926,-0.000291103,0.0043
8/29/1997,-0.068107492,-0.128413612,0.010384724,-0.002003554,-0.003664309,0.0041
9/30/1997,0.053023365,0.026177443,0.014596796,0.07987768,0.006347173,0.0044
10/31/1997,-0.053887486,-0.164901553,0.007244452,-0.0254828,-0.057974385,0.0042
11/28/1997,0.016375063,-0.037182444,0.008703674,0.016954563,-0.056513972,0.0039
12/31/1997,0.010895892,0.021792661,0.017892088,0.019685478,0.001223004,0.0048
1/30/1998,0.026582574,-0.079201872,-0.000744885,-0.004679161,0.029046697,0.0043
2/27/1998,0.066364843,0.103831784,0.001676218,-0.016968258,-0.005215563,0.0039
3/31/1998,0.041019334,0.040035112,0.007411124,0.01649289,0.041711337,0.0039
4/30/1998,0.00859696,-0.012864207,0.005375059,-0.03214641,-0.02979386,0.0043
5/29/1998,-0.013691212,-0.140120862,0.013400301,-0.008480303,-0.022674083,0.004
6/30/1998,0.022552461,-0.106936541,0.004430425,-0.006232684,0.001893681,0.0041
7/31/1998,-0.002759416,0.028176727,0.006779694,-0.065557768,-0.029916643,0.004
8/31/1998,-0.134518781,-0.292854747,0.005921009,-0.10346874,0.017147648,0.0043
9/30/1998,0.016328173,0.06057958,0.010425883,0.063473383,0.024034227,0.0046
10/30/1998,0.089054623,0.104100129,-0.009388959,-0.027232853,-0.006102324,0.0032
11/30/1998,0.058245791,0.082181363,0.024785861,0.018203161,-0.008304329,0.0031
12/31/1998,0.047676748,-0.018241344,0.002757707,-0.030124248,-0.01563859,0.0038
1/29/1999,0.020776519,-0.01692126,-0.007993631,-0.019882667,0.000731408,0.0035
2/26/1999,-0.027701296,0.009019645,-0.002212598,-0.026851002,-0.004756351,0.0035
3/31/1999,0.040494968,0.128740748,0.01027094,-0.005020433,-0.011691703,0.0043
4/30/1999,0.038324442,0.122242304,-0.012685845,0.097098613,-0.021850716,0.0037
5/31/1999,-0.037594369,-0.00887759,-0.017354169,0.022004978,-0.054725632,0.0034
6/30/1999,0.045545592,0.111401176,0.008974849,-0.013762994,-0.020029919,0.004
7/30/1999,-0.004069313,-0.028679968,-0.00912797,-0.036701297,0.002395005,0.0038
8/31/1999,-0.002864771,0.008349505,0.004426849,-0.021827311,0.031361701,0.0039
9/30/1999,-0.010764827,-0.03510274,-0.00245468,-0.037216662,0.173662134,0.0039
10/29/1999,0.050902578,0.020415835,0.014582486,-0.025801502,-0.056433479,0.0039
11/30/1999,0.027115201,0.089323975,-0.003015688,-0.021018132,-0.034502793,0.0036
12/31/1999,0.079966557,0.125885097,-0.008752801,0.030017509,0.004403808,0.0044
1/31/2000,-0.058160231,0.004031302,0.009877301,0.003396805,0.054690346,0.0041
2/29/2000,0.001746316,0.012918377,0.005948261,-0.013050892,-0.044937513,0.0043
3/31/2000,0.068145725,0.003341095,0.005919068,0.032418239,-0.023376187,0.0047
4/28/2000,-0.043179244,-0.096204676,-0.023355376,0.065864012,-0.016120199,0.0046
5/31/2000,-0.026254865,-0.043548484,0.02168486,0.010466916,0.038323588,0.005
6/30/2000,0.032669833,0.032001167,0.01406129,0.026531694,-0.014510473,0.004
7/31/2000,-0.029087871,-0.052603935,0.014593155,0.084975708,-0.025276611,0.0048
8/31/2000,0.031565129,0.003501689,0.006315756,-0.039658606,-0.002876874,0.005
9/29/2000,-0.054081182,-0.08860374,0.007593319,0.032157454,-0.013449515,0.0051
10/31/2000,-0.01770319,-0.073009681,0.002922309,-0.042875038,-0.014781269,0.0056
11/30/2000,-0.061681348,-0.088001297,0.021495228,0.011905427,0.020462565,0.0051
12/29/2000,0.015127334,0.022787998,0.019058209,0.069233063,-0.021969557,0.005
1/31/2001,0.018807733,0.135500145,0.014506129,0.014555865,-0.013640488,0.0054
2/28/2001,-0.085469474,-0.079145802,0.015317066,-0.012956031,0.004438442,0.0038
3/30/2001,-0.06733317,-0.102818144,-0.003799744,0.009107083,-0.009688445,0.0042
4/30/2001,0.07239023,0.0465322,0.005376403,0.026297527,0.045592224,0.0039
5/31/2001,-0.014936468,0.008654019,0.014725292,0.025333814,-0.007797953,0.0032
6/29/2001,-0.03237926,-0.023164773,0.008227288,0.058462379,-0.00998825,0.0028
7/31/2001,-0.013937285,-0.065725577,0.017988134,-0.017297744,0.018145675,0.003
8/31/2001,-0.049489141,-0.011592291,0.004926726,0.033874006,0.040507301,0.0031
9/28/2001,-0.089216234,-0.156870768,0.012387151,-0.040080138,-0.001267132,0.0028
10/31/2001,0.018549215,0.061520714,0.005340589,-0.026941576,-0.024366608,0.0022
11/30/2001,0.058023749,0.103293475,-0.01063235,0.053532103,-0.00114634,0.0017
12/31/2001,0.005599602,0.078029794,0.012321719,0.026395264,0.020534222,0.0015
1/31/2002,-0.030989043,0.032596093,0.001492882,0.003805935,0.049673435,0.0014
2/28/2002,-0.009960737,0.015313688,-0.009961682,0.018100207,-0.004873179,0.0013
3/29/2002,0.042446911,0.056081619,0.008252461,0.059865742,0.029342583,0.0013
4/30/2002,-0.035220313,0.004015059,0.002182493,0.013134919,0.039017175,0.0015
5/31/2002,-0.000416215,-0.018586433,0.016609645,0.014451817,0.021255138,0.0014
6/28/2002,-0.062031499,-0.076608525,-0.001251756,0.027384328,-0.024554854,0.0013
7/31/2002,-0.085107016,-0.078589031,0.010171977,-0.050485442,-0.009692393,0.0015
8/30/2002,3.97E-05,0.014469339,0.023921843,-0.000242888,0.028624709,0.0014
9/30/2002,-0.111250906,-0.109673922,-0.012830106,-0.039520545,-0.008081805,0.0014
10/31/2002,0.072752002,0.064091001,0.020110123,-0.045688068,0.007929532,0.0014
11/29/2002,0.052517859,0.067795353,0.017795378,0.045301041,0.040282421,0.0012
12/31/2002,-0.049499023,-0.033959743,0.012454143,0.011442697,0.075137648,0.0011
1/31/2003,-0.031225109,-0.005655791,0.014375111,-0.027894658,0.005915245,0.001
2/28/2003,-0.019041588,-0.031504142,0.009501278,0.016200212,-0.05131348,0.0009
3/31/2003,-0.005626514,-0.032070334,0.007746542,0.020674361,-0.036323594,0.001
4/30/2003,0.086390036,0.084104941,0.035887835,0.047702425,0.083803096,0.001
5/30/2003,0.054527101,0.068673221,0.01751581,0.061213542,0.001883368,0.0009
6/30/2003,0.015643929,0.054679872,-0.023836245,0.026010352,-0.014965007,0.001
7/31/2003,0.019187983,0.059936757,-0.022525262,0.052353161,0.024921502,0.0007
8/29/2003,0.019761653,0.064924679,0.018379438,0.004303324,0.053306523,0.0007
9/30/2003,0.004768459,0.005634883,0.007812779,0.031476525,-6.83E-05,0.0008
10/31/2003,0.0583373,0.083363786,0.005053967,0.021543052,0.029004664,0.0007
11/28/2003,0.013827676,0.010290505,0.009919615,0.045170714,0.043709142,0.0007
12/31/2003,0.06178056,0.071258695,0.015070817,0.03428987,0.016796706,0.0008
1/30/2004,0.015411293,0.032551301,0.00586379,0.04302144,-0.021534199,0.0007
2/27/2004,0.015546109,0.044928706,0.015765407,0.021933056,0.004420822,0.0006
3/31/2004,-0.008881315,0.009063659,-0.022484037,0.05597517,-0.008378816,0.0009
4/30/2004,-0.022187457,-0.084559662,-0.019494886,-0.152639755,-0.048308914,0.0008
5/31/2004,0.006729062,-0.02274195,0.001840019,0.070620236,0.022392526,0.0006
6/30/2004,0.019074913,0.002172688,0.016908614,0.029927316,0.014573342,0.0008
7/30/2004,-0.033432971,-0.020962517,0.015011323,0.00042128,0.006075534,0.001
8/31/2004,0.002570616,0.039244694,0.013936089,0.078822709,0.011898534,0.0011
9/30/2004,0.017705372,0.055497947,0.006876078,0.001939346,0.03747896,0.0011
10/29/2004,0.023702571,0.021803249,0.000310291,0.045461412,0.044975792,0.0011
11/30/2004,0.050937915,0.092097134,0.005382753,0.046373969,0.006154077,0.0015
12/31/2004,0.037257648,0.046768993,0.005086169,0.048239167,-0.04082743,0.0016
1/31/2005,-0.023082232,0.000199198,0.008012111,-0.079117563,-0.00160366,0.0016
2/28/2005,0.03007222,0.085562493,-0.01475309,0.022540626,0.02591574,0.0016
3/31/2005,-0.021686866,-0.067934926,0.003481962,-0.01859625,-0.011715045,0.0021
4/29/2005,-0.023924933,-0.030434363,0.008387094,0.046785962,-0.017148792,0.0021
5/31/2005,0.015160523,0.03038591,0.013715551,0.035756065,0.020822211,0.0024
6/30/2005,0.007132606,0.031036842,-0.003832648,0.04699725,-0.014346102,0.0023
7/29/2005,0.034254487,0.066167936,0.000553684,0.065671275,0.031688229,0.0024
8/31/2005,0.005590133,0.006084001,0.005000009,-0.04246035,0.041372367,0.003
9/30/2005,0.024696039,0.090869802,-0.012521264,-0.001005688,0.030369391,0.0029
10/31/2005,-0.024858002,-0.06639166,-0.002963749,-0.027343875,0.014403755,0.0027
11/30/2005,0.031436995,0.081925845,0.007276512,0.043383422,0.070135733,0.0031
12/30/2005,0.021408757,0.057618781,0.007366318,-0.002205078,0.077959773,0.0032
1/31/2006,0.044077041,0.109398245,-0.003427574,0.069980474,0.009330874,0.0035
2/28/2006,-0.002865489,-0.002124345,-0.00334924,0.014438808,0.003781076,0.0034
3/31/2006,0.019563924,0.0072829,-0.009398977,0.0500394,0.096140597,0.0037
4/28/2006,0.028698891,0.068263345,-0.000457226,-0.03102896,0.106017825,0.0036
5/31/2006,-0.037235034,-0.107635638,0.00065806,-0.02783242,-0.117335269,0.0043
6/30/2006,-0.00174854,-0.00460322,0.005633394,0.04991337,0.063011584,0.004
7/31/2006,0.005529822,0.011099086,0.017379302,0.03013291,-0.001761599,0.004
8/31/2006,0.023838316,0.022872687,0.014410935,0.0342112,-0.054391145,0.0042
9/29/2006,0.010667671,0.006515126,0.004703517,0.01979734,-0.020739661,0.0041
10/31/2006,0.036085011,0.046618887,0.01497856,0.06318856,0.071780805,0.0041
11/30/2006,0.022657538,0.073230866,0.00622502,0.04456294,0.003128096,0.0042
12/29/2006,0.01952492,0.044124108,-0.004400733,-0.01220343,0.002182839,0.004
1/31/2007,0.011225564,-0.012240207,0.00834491,0.07832957,0.053201687,0.0044
2/28/2007,-0.00652699,-0.00658364,0.010202042,-0.02915376,-0.014817028,0.0038
3/30/2007,0.015928853,0.037252301,-0.002669845,-0.02500278,0.037369272,0.0043
4/30/2007,0.042055078,0.045164027,0.002065864,0.001090828,-0.018412539,0.0044
5/31/2007,0.024723993,0.045099376,-0.015594659,0.001047001,-0.01704864,0.0041
6/29/2007,-0.008974742,0.044255062,0.004611726,-0.090407,0.014958232,0.004
7/31/2007,-0.022809481,0.050087585,0.00642793,-0.08794362,0.000174222,0.004
8/31/2007,-0.002698921,-0.023178748,0.009027284,0.05497035,0.070995386,0.0042
9/28/2007,0.046101237,0.108494928,0.011071367,0.04243216,0.058867187,0.0032
10/31/2007,0.029857809,0.110154888,0.009759211,0.008151885,0.068437691,0.0032
11/30/2007,-0.042445958,-0.071463713,-0.005228514,-0.08623405,-0.00377649,0.0034
12/31/2007,-0.013742891,0.00286101,0.017132889,-0.04422559,0.107560006,0.0027
1/31/2008,-0.077075006,-0.125942853,-0.00466587,-0.003048861,0.036760714,0.0021
2/29/2008,-0.007355699,0.072505213,-0.006144003,-0.03846813,0.05002354,0.0013
3/31/2008,-0.012474237,-0.054018982,-0.001404813,0.03880867,-0.060643939,0.0017
4/30/2008,0.049801621,0.078714812,0.005922157,0.06101241,-0.023130637,0.0018
5/30/2008,0.011092202,0.015532603,-0.011196979,0.0075724,0.000929031,0.0018
6/30/2008,-0.081008648,-0.101458008,-0.007381852,-0.11253587,0.056530991,0.0017
7/31/2008,-0.025268716,-0.041635736,0.003288164,0.02811192,-0.107203414,0.0015
8/29/2008,-0.01597572,-0.082163946,-0.023038408,0.02006769,-0.010837796,0.0013
9/30/2008,-0.120771973,-0.177075523,-0.094629289,-0.003323909,-0.028089359,0.0015
10/31/2008,-0.190451464,-0.274998602,-0.000213169,-0.3022584,-0.056726947,0.0008
11/28/2008,-0.067191785,-0.076331984,0.040502753,-0.2151377,0.072588155,0.0003
12/31/2008,0.030573642,0.076038196,0.033493311,0.15874477,0.052197994,0
1/30/2009,-0.088455445,-0.066150303,-0.00413636,-0.1649391,0.098373076,0
2/27/2009,-0.104865485,-0.057084369,-0.025935385,-0.1946352,-0.020028121,0.0001
3/31/2009,0.072387373,0.141523,0.021140888,0.04409184,-0.036864365,0.0002
4/30/2009,0.109050242,0.162751528,0.040812089,0.2797494,0.043186629,0.0001
5/29/2009,0.086200274,0.166570096,0.032376597,0.02139569,0.018333941,0
6/30/2009,-0.006140181,-0.015296441,0.030256643,-0.02469142,-0.012099557,0.0001
7/31/2009,0.083714711,0.108668781,0.034113992,0.10179122,0.016213103,0.0001
8/31/2009,0.039096322,-0.005407429,0.023431778,0.12223742,0.049733676,0.0001
9/30/2009,0.038122732,0.088848784,0.01221174,0.06367111,0.04672748,0.0001
10/30/2009,-0.018469634,0.000234124,0.010155367,-0.04801719,0.080406358,0
11/30/2009,0.038725512,0.042514211,0.003212602,0.06843633,0.006821408,0
12/31/2009,0.016937234,0.038128142,0.011989463,0.06426869,-0.014771159,0.0001
1/29/2010,-0.0418762,-0.056473725,1.02E-05,-0.04678089,-0.020170623,0
2/26/2010,0.01233635,0.002505382,0.010100714,0.05057423,0.016363202,0
3/31/2010,0.059277468,0.079498552,0.008784976,0.09418715,0.031751882,0.0001
4/30/2010,-0.00163761,0.009599796,0.009392985,0.06580515,0.049401348,0.0001
5/31/2010,-0.099087742,-0.091790168,0.00099754,-0.053161,0.022801945,0.0001
6/30/2010,-0.035634344,-0.009087828,0.022291502,-0.04533158,-0.032406426,0.0001
7/30/2010,0.080189336,0.079984967,0.025700522,0.08993679,0.01914859,0.0001
8/31/2010,-0.039230068,-0.021549107,0.005935106,-0.01404112,0.045375322,0.0001
9/30/2010,0.091140086,0.108740204,0.012081727,0.04455051,0.05589914,0.0001
10/29/2010,0.036492723,0.02810245,-0.006255694,0.04555769,0.020761594,0.0001
11/30/2010,-0.023455564,-0.027041277,-0.017892877,-0.01624,0.015086118,0.0001
12/31/2010,0.072483281,0.070206617,0.006263836,0.04674015,-0.024560474,0.0001
1/31/2011,0.021883161,-0.028058382,-0.001687171,0.03640763,0.012035535,0.0001
2/28/2011,0.033303697,-0.010108312,0.011991803,0.04486139,0.037360629,0.0001
3/31/2011,-0.012371573,0.056964145,0.005707742,-0.01380271,0.034967911,0.0001
4/29/2011,0.040223234,0.028319113,0.019147993,0.04892608,0.024855344,0
5/31/2011,-0.024494102,-0.029946147,0.004510128,0.008390392,0.012063783,0
6/30/2011,-0.017292838,-0.01862459,0.0037787,-0.0268173,0.028881804,0
7/29/2011,-0.018876457,-0.007405217,0.017169993,0.00386335,0.116350576,0
8/31/2011,-0.072608024,-0.091920674,0.000210477,-0.05056732,0.009138508,0.0001
9/30/2011,-0.088471662,-0.147815903,-0.006858873,-0.1041481,-0.060184468,0
10/31/2011,0.102558273,0.130762783,0.013701514,0.13312881,0.044296393,0
11/30/2011,-0.026856245,-0.067536728,-0.002655561,-0.03527461,-0.049840627,0
12/30/2011,-0.001695925,-0.01285972,0.013456116,0.04551321,0.002307982,0
1/31/2012,0.049297519,0.112405567,0.017084513,0.06470365,0.052230545,0
2/29/2012,0.046600274,0.058906566,0.001743691,-0.006641861,-0.039507384,0
3/30/2012,0.010233923,-0.035199635,0.006503249,0.04393216,-0.014163773,0
4/30/2012,-0.013734641,-0.014816885,0.008232866,0.02799454,-0.039126467,0
5/31/2012,-0.089912526,-0.11668434,0.005225774,-0.03948893,0.007059471,0.0001
6/29/2012,0.049311125,0.034269157,0.020934036,0.05883938,-0.001746278,0
7/31/2012,0.012019752,0.016145448,0.005795382,0.02296376,0.020154851,0
8/31/2012,0.022900776,-0.005417391,0.00836347,0.00458277,0.072824985,0.0001
9/28/2012,0.025246872,0.05840427,0.013513407,-0.008919261,0.00146801,0.0001
10/31/2012,-0.007611109,-0.007310583,0.005526795,-0.003339866,-0.01481073,0.0001
11/30/2012,0.010734356,0.011750924,-0.000624963,-0.00640772,-0.018945014,0.0001
12/31/2012,0.017489261,0.047838081,-0.001034355,0.03196281,-0.010408386,0.0001
1/31/2013,0.050030631,0.013091407,-0.003284956,0.0428299,-0.025953456,0
2/28/2013,-0.000203491,-0.013464795,0.003440586,0.01294246,-0.021335258,0
3/29/2013,0.020876329,-0.018691163,0.014025067,0.0329206,-0.067663823,0
4/30/2013,0.029016079,0.004394611,-0.003613615,0.05801871,-0.04820156,0
5/31/2013,-0.002849325,-0.029413576,-0.029720062,-0.06561,-0.050327202,0
6/28/2013,-0.026077953,-0.067944786,-0.007919615,-0.02275413,-0.041448258,0
7/31/2013,0.051874789,0.007681346,-0.003956759,0.005268052,0.046918631,0
8/30/2013,-0.023326943,-0.01901424,-0.000778598,-0.06231223,0.001263742,0
9/30/2013,0.048164711,0.06231281,0.017046904,0.03546946,-0.024179192,0
10/31/2013,0.038342342,0.047558478,0.001882505,0.04061425,-0.030666936,0
11/29/2013,0.015948991,-0.01559908,0.000750099,-0.04409162,-0.03951858,0
12/31/2013,0.02004699,-0.015311053,0.011227509,0.008420949,0.015825553,0
1/31/2014,-0.0376944,-0.065988294,0.010310299,0.03377004,0.045131548,0
2/28/2014,0.048136452,0.031920062,0.00492324,0.04687368,0.026986171,0
3/31/2014,-0.000910827,0.029212941,0.010076497,0.003246917,-0.027755255,0
4/30/2014,0.008284972,0.000633387,0.013758221,0.02882125,-0.008833718,0
5/30/2014,0.016259594,0.032563603,0.001755912,0.02758794,-0.006547261,0
6/30/2014,0.016459459,0.022462934,0.005673879,0.01178315,0.024917733,0
7/31/2014,-0.016669582,0.014272282,0.007035668,-0.001904193,-0.011426593,0
8/29/2014,0.020027964,0.020740775,-0.00407904,0.03381266,-0.044112554,0
9/30/2014,-0.028752985,-0.075885208,0.010062113,-0.05634156,-0.013181153,0
10/31/2014,0.00570181,0.01068907,-0.002973719,0.08723937,-0.037782856,0
11/28/2014,0.018386012,-0.011177358,0.001986036,0.0229791,0.022094256,0
12/31/2014,-0.017145761,-0.048179832,0.019810037,0.01091395,0.041217831,0
1/30/2015,-0.018796003,0.00553901,-0.000615474,0.05594709,-0.019697114,0
2/27/2015,0.05682438,0.029814737,0.0004851,-0.02580563,-0.039568489,0
3/31/2015,-0.018076985,-0.015857211,0.009170623,0.01150221,0.016358367,0
4/30/2015,0.021591049,0.075119129,-0.017212924,-0.04710236,0.000953854,0
5/29/2015,0.000510009,-0.041576436,-0.012238501,-0.001140621,-0.014634959,0
6/30/2015,-0.024556752,-0.031829742,0.000653939,-0.04318539,-0.043561059,0
7/31/2015,0.017279774,-0.072592142,0.003215738,0.04854727,-0.011116412,0
8/31/2015,-0.06806396,-0.091990915,-0.001631751,-0.05676493,0.006314967,0
